  0
SECTION
  2
HEADER
  9
$ACADVER
  1
AC1018
  9
$ACADMAINTVER
 70
     0
  9
$DWGCODEPAGE
  3
ASCII
  9
$INSBASE
 10
0.0
 20
0.0
 30
0.0
  9
$EXTMIN
 10
1.000000000000000E+20
 20
1.000000000000000E+20
 30
1.000000000000000E+20
  9
$EXTMAX
 10
-1.000000000000000E+20
 20
-1.000000000000000E+20
 30
-1.000000000000000E+20
  9
$LIMMIN
 10
0.0
 20
0.0
  9
$LIMMAX
 10
12.0
 20
9.0
  9
$ORTHOMODE
 70
     0
  9
$REGENMODE
 70
     1
  9
$FILLMODE
 70
     1
  9
$QTEXTMODE
 70
     0
  9
$MIRRTEXT
 70
     1
  9
$LTSCALE
 40
1.0
  9
$ATTMODE
 70
     1
  9
$TEXTSIZE
 40
0.2
  9
$TRACEWID
 40
0.05
  9
$TEXTSTYLE
  7
Standard
  9
$CLAYER
  8
0
  9
$CELTYPE
  6
ByLayer
  9
$CECOLOR
 62
   256
  9
$CELTSCALE
 40
1.0
  9
$DISPSILH
 70
     0
  9
$DIMSCALE
 40
1.0
  9
$DIMASZ
 40
0.18
  9
$DIMEXO
 40
0.0625
  9
$DIMDLI
 40
0.38
  9
$DIMRND
 40
0.0
  9
$DIMDLE
 40
0.0
  9
$DIMEXE
 40
0.18
  9
$DIMTP
 40
0.0
  9
$DIMTM
 40
0.0
  9
$DIMTXT
 40
0.18
  9
$DIMCEN
 40
0.09
  9
$DIMTSZ
 40
0.0
  9
$DIMTOL
 70
     0
  9
$DIMLIM
 70
     0
  9
$DIMTIH
 70
     1
  9
$DIMTOH
 70
     1
  9
$DIMSE1
 70
     0
  9
$DIMSE2
 70
     0
  9
$DIMTAD
 70
     0
  9
$DIMZIN
 70
     0
  9
$DIMBLK
  1

  9
$DIMASO
 70
     1
  9
$DIMSHO
 70
     1
  9
$DIMPOST
  1

  9
$DIMAPOST
  1

  9
$DIMALT
 70
     0
  9
$DIMALTD
 70
     2
  9
$DIMALTF
 40
25.4
  9
$DIMLFAC
 40
1.0
  9
$DIMTOFL
 70
     0
  9
$DIMTVP
 40
0.0
  9
$DIMTIX
 70
     0
  9
$DIMSOXD
 70
     0
  9
$DIMSAH
 70
     0
  9
$DIMBLK1
  1

  9
$DIMBLK2
  1

  9
$DIMSTYLE
  2
Standard
  9
$DIMCLRD
 70
     0
  9
$DIMCLRE
 70
     0
  9
$DIMCLRT
 70
     0
  9
$DIMTFAC
 40
1.0
  9
$DIMGAP
 40
0.09
  9
$DIMJUST
 70
     0
  9
$DIMSD1
 70
     0
  9
$DIMSD2
 70
     0
  9
$DIMTOLJ
 70
     1
  9
$DIMTZIN
 70
     0
  9
$DIMALTZ
 70
     0
  9
$DIMALTTZ
 70
     0
  9
$DIMUPT
 70
     0
  9
$DIMDEC
 70
     4
  9
$DIMTDEC
 70
     4
  9
$DIMALTU
 70
     2
  9
$DIMALTTD
 70
     2
  9
$DIMTXSTY
  7
Standard
  9
$DIMAUNIT
 70
     0
  9
$DIMADEC
 70
     0
  9
$DIMALTRND
 40
0.0
  9
$DIMAZIN
 70
     0
  9
$DIMDSEP
 70
    46
  9
$DIMATFIT
 70
     3
  9
$DIMFRAC
 70
     0
  9
$DIMLDRBLK
  1

  9
$DIMLUNIT
 70
     2
  9
$DIMLWD
 70
    -2
  9
$DIMLWE
 70
    -2
  9
$DIMTMOVE
 70
     0
  9
$LUNITS
 70
     2
  9
$LUPREC
 70
     4
  9
$SKETCHINC
 40
0.1
  9
$FILLETRAD
 40
0.5
  9
$AUNITS
 70
     0
  9
$AUPREC
 70
     0
  9
$MENU
  1
.
  9
$ELEVATION
 40
0.0
  9
$PELEVATION
 40
0.0
  9
$THICKNESS
 40
0.0
  9
$LIMCHECK
 70
     0
  9
$CHAMFERA
 40
0.5
  9
$CHAMFERB
 40
0.5
  9
$CHAMFERC
 40
1.0
  9
$CHAMFERD
 40
0.0
  9
$SKPOLY
 70
     0
  9
$TDCREATE
 40
2457469.420196759
  9
$TDUCREATE
 40
2457469.628530093
  9
$TDUPDATE
 40
2457469.420196771
  9
$TDUUPDATE
 40
2457469.628530104
  9
$TDINDWG
 40
0.0000000116
  9
$TDUSRTIMER
 40
0.0000000116
  9
$USRTIMER
 70
     1
  9
$ANGBASE
 50
0.0
  9
$ANGDIR
 70
     0
  9
$PDMODE
 70
     0
  9
$PDSIZE
 40
0.0
  9
$PLINEWID
 40
0.0
  9
$SPLFRAME
 70
     0
  9
$SPLINETYPE
 70
     6
  9
$SPLINESEGS
 70
     8
  9
$HANDSEED
  5
1DA
  9
$SURFTAB1
 70
     6
  9
$SURFTAB2
 70
     6
  9
$SURFTYPE
 70
     6
  9
$SURFU
 70
     6
  9
$SURFV
 70
     6
  9
$UCSBASE
  2

  9
$UCSNAME
  2

  9
$UCSORG
 10
0.0
 20
0.0
 30
0.0
  9
$UCSXDIR
 10
1.0
 20
0.0
 30
0.0
  9
$UCSYDIR
 10
0.0
 20
1.0
 30
0.0
  9
$UCSORTHOREF
  2

  9
$UCSORTHOVIEW
 70
     0
  9
$UCSORGTOP
 10
0.0
 20
0.0
 30
0.0
  9
$UCSORGBOTTOM
 10
0.0
 20
0.0
 30
0.0
  9
$UCSORGLEFT
 10
0.0
 20
0.0
 30
0.0
  9
$UCSORGRIGHT
 10
0.0
 20
0.0
 30
0.0
  9
$UCSORGFRONT
 10
0.0
 20
0.0
 30
0.0
  9
$UCSORGBACK
 10
0.0
 20
0.0
 30
0.0
  9
$PUCSBASE
  2

  9
$PUCSNAME
  2

  9
$PUCSORG
 10
0.0
 20
0.0
 30
0.0
  9
$PUCSXDIR
 10
1.0
 20
0.0
 30
0.0
  9
$PUCSYDIR
 10
0.0
 20
1.0
 30
0.0
  9
$PUCSORTHOREF
  2

  9
$PUCSORTHOVIEW
 70
     0
  9
$PUCSORGTOP
 10
0.0
 20
0.0
 30
0.0
  9
$PUCSORGBOTTOM
 10
0.0
 20
0.0
 30
0.0
  9
$PUCSORGLEFT
 10
0.0
 20
0.0
 30
0.0
  9
$PUCSORGRIGHT
 10
0.0
 20
0.0
 30
0.0
  9
$PUCSORGFRONT
 10
0.0
 20
0.0
 30
0.0
  9
$PUCSORGBACK
 10
0.0
 20
0.0
 30
0.0
  9
$USERI1
 70
     0
  9
$USERI2
 70
     0
  9
$USERI3
 70
     0
  9
$USERI4
 70
     0
  9
$USERI5
 70
     0
  9
$USERR1
 40
0.0
  9
$USERR2
 40
0.0
  9
$USERR3
 40
0.0
  9
$USERR4
 40
0.0
  9
$USERR5
 40
0.0
  9
$WORLDVIEW
 70
     1
  9
$SHADEDGE
 70
     3
  9
$SHADEDIF
 70
    70
  9
$TILEMODE
 70
     1
  9
$MAXACTVP
 70
    64
  9
$PINSBASE
 10
0.0
 20
0.0
 30
0.0
  9
$PLIMCHECK
 70
     0
  9
$PEXTMIN
 10
1.000000000000000E+20
 20
1.000000000000000E+20
 30
1.000000000000000E+20
  9
$PEXTMAX
 10
-1.000000000000000E+20
 20
-1.000000000000000E+20
 30
-1.000000000000000E+20
  9
$PLIMMIN
 10
0.0
 20
0.0
  9
$PLIMMAX
 10
12.0
 20
9.0
  9
$UNITMODE
 70
     0
  9
$VISRETAIN
 70
     1
  9
$PLINEGEN
 70
     0
  9
$PSLTSCALE
 70
     1
  9
$TREEDEPTH
 70
  3020
  9
$CMLSTYLE
  2
Standard
  9
$CMLJUST
 70
     0
  9
$CMLSCALE
 40
1.0
  9
$PROXYGRAPHICS
 70
     1
  9
$MEASUREMENT
 70
     0
  9
$CELWEIGHT
370
    -1
  9
$ENDCAPS
280
     0
  9
$JOINSTYLE
280
     0
  9
$LWDISPLAY
290
     1
  9
$INSUNITS
 70
     1
  9
$HYPERLINKBASE
  1

  9
$STYLESHEET
  1

  9
$XEDIT
290
     1
  9
$CEPSNTYPE
380
     0
  9
$PSTYLEMODE
290
     1
  9
$FINGERPRINTGUID
  2
{F7A95B05-7DB2-643E-D67B-D4AC055B2421}
  9
$VERSIONGUID
  2
{FAEB1C32-E019-11D5-929B-00C0DF256EC4}
  9
$EXTNAMES
290
     1
  9
$PSVPSCALE
 40
0.0
  9
$OLESTARTUP
290
     0
  9
$SORTENTS
280
   127
  9
$INDEXCTL
280
     0
  9
$HIDETEXT
280
     1
  9
$XCLIPFRAME
290
     0
  9
$HALOGAP
280
     0
  9
$OBSCOLOR
 70
   257
  9
$OBSLTYPE
280
     0
  9
$INTERSECTIONDISPLAY
280
     0
  9
$INTERSECTIONCOLOR
 70
   257
  9
$DIMASSOC
280
     2
  9
$PROJECTNAME
  1

  0
ENDSEC
  0
SECTION
  2
CLASSES
  0
CLASS
  1
ACDBDICTIONARYWDFLT
  2
AcDbDictionaryWithDefault
  3
ObjectDBX Classes
 90
        0
 91
        3
280
     0
281
     0
  0
CLASS
  1
VISUALSTYLE
  2
AcDbVisualStyle
  3
ObjectDBX Classes
 90
     4095
 91
        3
280
     0
281
     0
  0
ENDSEC
  0
SECTION
  2
TABLES
  0
TABLE
  2
VPORT
  5
8
330
0
100
AcDbSymbolTable
 70
     1
  0
VPORT
  5
29
330
8
100
AcDbSymbolTableRecord
100
AcDbViewportTableRecord
  2
*Active
 70
     0
 10
0.0
 20
0.0
 11
1.0
 21
1.0
 12
0.0
 22
0.0
 13
0.0
 23
0.0
 14
0.5
 24
0.5
 15
0.5
 25
0.5
 16
0.0
 26
0.0
 36
1.0
 17
4.075014894277183
 27
5.524990758224809
 37
0.0
 40
5.158115787558509
 41
0.2386731055236757
 42
50.0
 43
0.0
 44
0.0
 50
0.0
 51
0.0
 71
     0
 72
   100
 73
     1
 74
     3
 75
     0
 76
     0
 77
     0
 78
     0
281
     0
 65
     1
110
0.0
120
0.0
130
0.0
111
1.0
121
0.0
131
0.0
112
0.0
122
1.0
132
0.0
 79
     0
146
0.0
  0
ENDTAB
  0
TABLE
  2
LTYPE
  5
5
330
0
100
AcDbSymbolTable
 70
     1
  0
LTYPE
  5
14
330
5
100
AcDbSymbolTableRecord
100
AcDbLinetypeTableRecord
  2
ByBlock
 70
     0
  3

 72
    65
 73
     0
 40
0.0
  0
LTYPE
  5
15
330
5
100
AcDbSymbolTableRecord
100
AcDbLinetypeTableRecord
  2
ByLayer
 70
     0
  3

 72
    65
 73
     0
 40
0.0
  0
LTYPE
  5
16
330
5
100
AcDbSymbolTableRecord
100
AcDbLinetypeTableRecord
  2
Continuous
 70
     0
  3
Solid line
 72
    65
 73
     0
 40
0.0
  0
ENDTAB
  0
TABLE
  2
LAYER
  5
2
330
0
100
AcDbSymbolTable
 70
     4
  0
LAYER
  5
10
330
2
100
AcDbSymbolTableRecord
100
AcDbLayerTableRecord
  2
0
 70
     0
 62
     7
  6
Continuous
370
    -3
390
F
  0
LAYER
  5
3B
330
2
100
AcDbSymbolTableRecord
100
AcDbLayerTableRecord
  2
Layer 3
 70
     1
 62
     7
  6
Continuous
370
    -3
390
F
  0
LAYER
  5
A4
330
2
100
AcDbSymbolTableRecord
100
AcDbLayerTableRecord
  2
cut
 70
     0
 62
     7
  6
Continuous
370
    -3
390
F
  0
LAYER
  5
1A0
330
2
100
AcDbSymbolTableRecord
100
AcDbLayerTableRecord
  2
visual
 70
     1
 62
     7
  6
Continuous
370
    -3
390
F
  0
ENDTAB
  0
TABLE
  2
STYLE
  5
3
330
0
100
AcDbSymbolTable
 70
     1
  0
STYLE
  5
11
330
3
100
AcDbSymbolTableRecord
100
AcDbTextStyleTableRecord
  2
Standard
 70
     0
 40
0.0
 41
1.0
 50
0.0
 71
     0
 42
0.2
  3
txt
  4

  0
ENDTAB
  0
TABLE
  2
VIEW
  5
6
330
0
100
AcDbSymbolTable
 70
     0
  0
ENDTAB
  0
TABLE
  2
UCS
  5
7
330
0
100
AcDbSymbolTable
 70
     0
  0
ENDTAB
  0
TABLE
  2
APPID
  5
9
330
0
100
AcDbSymbolTable
 70
     1
  0
APPID
  5
12
330
9
100
AcDbSymbolTableRecord
100
AcDbRegAppTableRecord
  2
ACAD
 70
     0
  0
ENDTAB
  0
TABLE
  2
DIMSTYLE
  5
A
330
0
100
AcDbSymbolTable
 70
     1
100
AcDbDimStyleTable
  0
DIMSTYLE
105
27
330
A
100
AcDbSymbolTableRecord
100
AcDbDimStyleTableRecord
  2
Standard
 70
     0
340
11
  0
ENDTAB
  0
TABLE
  2
BLOCK_RECORD
  5
1
330
0
100
AcDbSymbolTable
 70
    62
  0
BLOCK_RECORD
  5
1F
330
1
100
AcDbSymbolTableRecord
100
AcDbBlockTableRecord
  2
*Model_Space
340
22
  0
BLOCK_RECORD
  5
1B
330
1
100
AcDbSymbolTableRecord
100
AcDbBlockTableRecord
  2
*Paper_Space
340
1E
  0
BLOCK_RECORD
  5
23
330
1
100
AcDbSymbolTableRecord
100
AcDbBlockTableRecord
  2
*Paper_Space0
340
26
  0
BLOCK_RECORD
  5
3C
330
1
100
AcDbSymbolTableRecord
100
AcDbBlockTableRecord
  2
block 2
340
0
102
{BLKREFS
331
3D
102
}
  0
BLOCK_RECORD
  5
56
330
1
100
AcDbSymbolTableRecord
100
AcDbBlockTableRecord
  2
block 3
340
0
102
{BLKREFS
331
57
102
}
  0
BLOCK_RECORD
  5
5C
330
1
100
AcDbSymbolTableRecord
100
AcDbBlockTableRecord
  2
block 4
340
0
102
{BLKREFS
331
5D
102
}
  0
BLOCK_RECORD
  5
62
330
1
100
AcDbSymbolTableRecord
100
AcDbBlockTableRecord
  2
block 5
340
0
102
{BLKREFS
331
63
102
}
  0
BLOCK_RECORD
  5
74
330
1
100
AcDbSymbolTableRecord
100
AcDbBlockTableRecord
  2
block 6
340
0
102
{BLKREFS
331
75
102
}
  0
BLOCK_RECORD
  5
7A
330
1
100
AcDbSymbolTableRecord
100
AcDbBlockTableRecord
  2
block 7
340
0
102
{BLKREFS
331
7B
102
}
  0
BLOCK_RECORD
  5
80
330
1
100
AcDbSymbolTableRecord
100
AcDbBlockTableRecord
  2
block 8
340
0
102
{BLKREFS
331
81
102
}
  0
BLOCK_RECORD
  5
86
330
1
100
AcDbSymbolTableRecord
100
AcDbBlockTableRecord
  2
block 9
340
0
102
{BLKREFS
331
87
102
}
  0
BLOCK_RECORD
  5
8C
330
1
100
AcDbSymbolTableRecord
100
AcDbBlockTableRecord
  2
block 10
340
0
102
{BLKREFS
331
8D
102
}
  0
BLOCK_RECORD
  5
92
330
1
100
AcDbSymbolTableRecord
100
AcDbBlockTableRecord
  2
block 11
340
0
102
{BLKREFS
331
93
102
}
  0
BLOCK_RECORD
  5
98
330
1
100
AcDbSymbolTableRecord
100
AcDbBlockTableRecord
  2
block 12
340
0
102
{BLKREFS
331
99
102
}
  0
BLOCK_RECORD
  5
9E
330
1
100
AcDbSymbolTableRecord
100
AcDbBlockTableRecord
  2
block 13
340
0
102
{BLKREFS
331
9F
102
}
  0
BLOCK_RECORD
  5
A5
330
1
100
AcDbSymbolTableRecord
100
AcDbBlockTableRecord
  2
block 14
340
0
102
{BLKREFS
331
A6
102
}
  0
BLOCK_RECORD
  5
AD
330
1
100
AcDbSymbolTableRecord
100
AcDbBlockTableRecord
  2
block 15
340
0
102
{BLKREFS
331
AE
102
}
  0
BLOCK_RECORD
  5
B5
330
1
100
AcDbSymbolTableRecord
100
AcDbBlockTableRecord
  2
block 16
340
0
102
{BLKREFS
331
B6
102
}
  0
BLOCK_RECORD
  5
BD
330
1
100
AcDbSymbolTableRecord
100
AcDbBlockTableRecord
  2
block 17
340
0
102
{BLKREFS
331
BE
102
}
  0
BLOCK_RECORD
  5
C5
330
1
100
AcDbSymbolTableRecord
100
AcDbBlockTableRecord
  2
block 18
340
0
102
{BLKREFS
331
C6
102
}
  0
BLOCK_RECORD
  5
CD
330
1
100
AcDbSymbolTableRecord
100
AcDbBlockTableRecord
  2
block 19
340
0
102
{BLKREFS
331
CE
102
}
  0
BLOCK_RECORD
  5
D2
330
1
100
AcDbSymbolTableRecord
100
AcDbBlockTableRecord
  2
block 20
340
0
102
{BLKREFS
331
D3
102
}
  0
BLOCK_RECORD
  5
DA
330
1
100
AcDbSymbolTableRecord
100
AcDbBlockTableRecord
  2
block 21
340
0
102
{BLKREFS
331
DB
102
}
  0
BLOCK_RECORD
  5
DF
330
1
100
AcDbSymbolTableRecord
100
AcDbBlockTableRecord
  2
block 22
340
0
102
{BLKREFS
331
E0
102
}
  0
BLOCK_RECORD
  5
E7
330
1
100
AcDbSymbolTableRecord
100
AcDbBlockTableRecord
  2
block 23
340
0
102
{BLKREFS
331
E8
102
}
  0
BLOCK_RECORD
  5
EC
330
1
100
AcDbSymbolTableRecord
100
AcDbBlockTableRecord
  2
block 24
340
0
102
{BLKREFS
331
ED
102
}
  0
BLOCK_RECORD
  5
F4
330
1
100
AcDbSymbolTableRecord
100
AcDbBlockTableRecord
  2
block 25
340
0
102
{BLKREFS
331
F5
102
}
  0
BLOCK_RECORD
  5
F9
330
1
100
AcDbSymbolTableRecord
100
AcDbBlockTableRecord
  2
block 26
340
0
102
{BLKREFS
331
FA
102
}
  0
BLOCK_RECORD
  5
FE
330
1
100
AcDbSymbolTableRecord
100
AcDbBlockTableRecord
  2
block 27
340
0
102
{BLKREFS
331
FF
102
}
  0
BLOCK_RECORD
  5
103
330
1
100
AcDbSymbolTableRecord
100
AcDbBlockTableRecord
  2
block 28
340
0
102
{BLKREFS
331
104
102
}
  0
BLOCK_RECORD
  5
108
330
1
100
AcDbSymbolTableRecord
100
AcDbBlockTableRecord
  2
block 29
340
0
102
{BLKREFS
331
109
102
}
  0
BLOCK_RECORD
  5
10D
330
1
100
AcDbSymbolTableRecord
100
AcDbBlockTableRecord
  2
block 30
340
0
102
{BLKREFS
331
10E
102
}
  0
BLOCK_RECORD
  5
112
330
1
100
AcDbSymbolTableRecord
100
AcDbBlockTableRecord
  2
block 31
340
0
102
{BLKREFS
331
113
102
}
  0
BLOCK_RECORD
  5
117
330
1
100
AcDbSymbolTableRecord
100
AcDbBlockTableRecord
  2
block 32
340
0
102
{BLKREFS
331
118
102
}
  0
BLOCK_RECORD
  5
11C
330
1
100
AcDbSymbolTableRecord
100
AcDbBlockTableRecord
  2
block 33
340
0
102
{BLKREFS
331
11D
102
}
  0
BLOCK_RECORD
  5
121
330
1
100
AcDbSymbolTableRecord
100
AcDbBlockTableRecord
  2
block 34
340
0
102
{BLKREFS
331
122
102
}
  0
BLOCK_RECORD
  5
126
330
1
100
AcDbSymbolTableRecord
100
AcDbBlockTableRecord
  2
block 35
340
0
102
{BLKREFS
331
127
102
}
  0
BLOCK_RECORD
  5
12B
330
1
100
AcDbSymbolTableRecord
100
AcDbBlockTableRecord
  2
block 36
340
0
102
{BLKREFS
331
12C
102
}
  0
BLOCK_RECORD
  5
130
330
1
100
AcDbSymbolTableRecord
100
AcDbBlockTableRecord
  2
block 37
340
0
102
{BLKREFS
331
131
102
}
  0
BLOCK_RECORD
  5
135
330
1
100
AcDbSymbolTableRecord
100
AcDbBlockTableRecord
  2
block 38
340
0
102
{BLKREFS
331
136
102
}
  0
BLOCK_RECORD
  5
13A
330
1
100
AcDbSymbolTableRecord
100
AcDbBlockTableRecord
  2
block 39
340
0
102
{BLKREFS
331
13B
102
}
  0
BLOCK_RECORD
  5
13F
330
1
100
AcDbSymbolTableRecord
100
AcDbBlockTableRecord
  2
block 40
340
0
102
{BLKREFS
331
140
102
}
  0
BLOCK_RECORD
  5
144
330
1
100
AcDbSymbolTableRecord
100
AcDbBlockTableRecord
  2
block 41
340
0
102
{BLKREFS
331
145
102
}
  0
BLOCK_RECORD
  5
149
330
1
100
AcDbSymbolTableRecord
100
AcDbBlockTableRecord
  2
block 42
340
0
102
{BLKREFS
331
14A
102
}
  0
BLOCK_RECORD
  5
14E
330
1
100
AcDbSymbolTableRecord
100
AcDbBlockTableRecord
  2
block 43
340
0
102
{BLKREFS
331
14F
102
}
  0
BLOCK_RECORD
  5
153
330
1
100
AcDbSymbolTableRecord
100
AcDbBlockTableRecord
  2
block 44
340
0
102
{BLKREFS
331
154
102
}
  0
BLOCK_RECORD
  5
158
330
1
100
AcDbSymbolTableRecord
100
AcDbBlockTableRecord
  2
block 45
340
0
102
{BLKREFS
331
159
102
}
  0
BLOCK_RECORD
  5
15D
330
1
100
AcDbSymbolTableRecord
100
AcDbBlockTableRecord
  2
block 46
340
0
102
{BLKREFS
331
15E
102
}
  0
BLOCK_RECORD
  5
162
330
1
100
AcDbSymbolTableRecord
100
AcDbBlockTableRecord
  2
block 47
340
0
102
{BLKREFS
331
163
102
}
  0
BLOCK_RECORD
  5
167
330
1
100
AcDbSymbolTableRecord
100
AcDbBlockTableRecord
  2
block 48
340
0
102
{BLKREFS
331
168
102
}
  0
BLOCK_RECORD
  5
16F
330
1
100
AcDbSymbolTableRecord
100
AcDbBlockTableRecord
  2
block 49
340
0
102
{BLKREFS
331
170
102
}
  0
BLOCK_RECORD
  5
183
330
1
100
AcDbSymbolTableRecord
100
AcDbBlockTableRecord
  2
block 50
340
0
102
{BLKREFS
331
184
102
}
  0
BLOCK_RECORD
  5
18B
330
1
100
AcDbSymbolTableRecord
100
AcDbBlockTableRecord
  2
block 51
340
0
102
{BLKREFS
331
18C
102
}
  0
BLOCK_RECORD
  5
1A1
330
1
100
AcDbSymbolTableRecord
100
AcDbBlockTableRecord
  2
block 52
340
0
102
{BLKREFS
331
1A2
102
}
  0
BLOCK_RECORD
  5
1A7
330
1
100
AcDbSymbolTableRecord
100
AcDbBlockTableRecord
  2
block 53
340
0
102
{BLKREFS
331
1A8
102
}
  0
BLOCK_RECORD
  5
1AC
330
1
100
AcDbSymbolTableRecord
100
AcDbBlockTableRecord
  2
block 54
340
0
102
{BLKREFS
331
1AD
102
}
  0
BLOCK_RECORD
  5
1B1
330
1
100
AcDbSymbolTableRecord
100
AcDbBlockTableRecord
  2
block 55
340
0
102
{BLKREFS
331
1B2
102
}
  0
BLOCK_RECORD
  5
1B6
330
1
100
AcDbSymbolTableRecord
100
AcDbBlockTableRecord
  2
block 56
340
0
102
{BLKREFS
331
1B7
102
}
  0
BLOCK_RECORD
  5
1BB
330
1
100
AcDbSymbolTableRecord
100
AcDbBlockTableRecord
  2
block 57
340
0
102
{BLKREFS
331
1BC
102
}
  0
BLOCK_RECORD
  5
1C0
330
1
100
AcDbSymbolTableRecord
100
AcDbBlockTableRecord
  2
block 58
340
0
102
{BLKREFS
331
1C1
102
}
  0
BLOCK_RECORD
  5
1C5
330
1
100
AcDbSymbolTableRecord
100
AcDbBlockTableRecord
  2
block 59
340
0
102
{BLKREFS
331
1C6
102
}
  0
BLOCK_RECORD
  5
1CA
330
1
100
AcDbSymbolTableRecord
100
AcDbBlockTableRecord
  2
block 60
340
0
102
{BLKREFS
331
1CB
102
}
  0
BLOCK_RECORD
  5
1CF
330
1
100
AcDbSymbolTableRecord
100
AcDbBlockTableRecord
  2
block 61
340
0
102
{BLKREFS
331
1D0
102
}
  0
BLOCK_RECORD
  5
1D4
330
1
100
AcDbSymbolTableRecord
100
AcDbBlockTableRecord
  2
block 62
340
0
102
{BLKREFS
331
1D5
102
}
  0
ENDTAB
  0
ENDSEC
  0
SECTION
  2
BLOCKS
  0
BLOCK
  5
20
330
1F
100
AcDbEntity
  8
0
100
AcDbBlockBegin
  2
*Model_Space
 70
     0
 71
     0
 10
0.0
 20
0.0
 30
0.0
  3
*Model_Space
  1

  0
ENDBLK
  5
21
330
1F
100
AcDbEntity
  8
0
100
AcDbBlockEnd
  0
BLOCK
  5
1C
330
1B
100
AcDbEntity
 67
     1
  8
0
100
AcDbBlockBegin
  2
*Paper_Space
 70
     0
 71
     0
 10
0.0
 20
0.0
 30
0.0
  3
*Paper_Space
  1

  0
ENDBLK
  5
1D
330
1B
100
AcDbEntity
 67
     1
  8
0
100
AcDbBlockEnd
  0
BLOCK
  5
24
330
23
100
AcDbEntity
  8
0
100
AcDbBlockBegin
  2
*Paper_Space0
 70
     0
 71
     0
 10
0.0
 20
0.0
 30
0.0
  3
*Paper_Space0
  1

  0
ENDBLK
  5
25
330
23
100
AcDbEntity
  8
0
100
AcDbBlockEnd
  0
BLOCK
  5
3E
330
3C
100
AcDbEntity
  8
0
100
AcDbBlockBegin
  2
block 2
 70
     0
 71
     0
 10
0.0
 20
0.0
 30
0.0
  3
block 2
  1

  0
SPLINE
  5
40
330
3C
100
AcDbEntity
  8
Layer 3
370
     0
100
AcDbSpline
210
0.0
220
0.0
230
1.0
 70
    11
 71
     3
 72
    38
 73
    34
 74
     0
 42
0.0000000001
 43
0.0000000001
 40
0.0
 40
0.0
 40
0.0
 40
0.0
 40
1.0
 40
1.0
 40
1.0
 40
2.0
 40
2.0
 40
2.0
 40
3.0
 40
3.0
 40
3.0
 40
4.0
 40
4.0
 40
4.0
 40
5.0
 40
5.0
 40
5.0
 40
6.0
 40
6.0
 40
6.0
 40
7.0
 40
7.0
 40
7.0
 40
8.0
 40
8.0
 40
8.0
 40
9.0
 40
9.0
 40
9.0
 40
10.0
 40
10.0
 40
10.0
 40
11.0
 40
11.0
 40
11.0
 40
11.0
 10
3.927411444076325
 20
7.913559092250496
 30
0.0
 10
3.927886162271319
 20
7.911802634929016
 30
0.0
 10
3.92698419770083
 20
7.910046177607535
 30
0.0
 10
3.925370155837848
 20
7.909476515773542
 30
0.0
 10
3.923471283057869
 20
7.90876443848105
 30
0.0
 10
3.921477466638891
 20
7.909808818510038
 30
0.0
 10
3.920907804804897
 20
7.911755163109516
 30
0.0
 10
3.920907804804897
 20
7.911755163109516
 30
0.0
 10
3.916825228327943
 20
7.926139124417857
 30
0.0
 10
3.916825228327943
 20
7.926139124417857
 30
0.0
 10
3.916825228327943
 20
7.926139124417857
 30
0.0
 10
3.888437080267258
 20
7.926139124417857
 30
0.0
 10
3.888437080267258
 20
7.926139124417857
 30
0.0
 10
3.888437080267258
 20
7.926139124417857
 30
0.0
 10
3.880699173688844
 20
7.911138029456024
 30
0.0
 10
3.880699173688844
 20
7.911138029456024
 30
0.0
 10
3.879844680937854
 20
7.909476515773542
 30
0.0
 10
3.877708449060377
 20
7.90881191030055
 30
0.0
 10
3.876094407197396
 20
7.90966640305154
 30
0.0
 10
3.874432893514914
 20
7.91052089580253
 30
0.0
 10
3.873768288041922
 20
7.912514712221508
 30
0.0
 10
3.874622780792912
 20
7.91417622590399
 30
0.0
 10
3.874622780792912
 20
7.91417622590399
 30
0.0
 10
3.904672442536078
 20
7.972708979346839
 30
0.0
 10
3.904672442536078
 20
7.972708979346839
 30
0.0
 10
3.905289576189571
 20
7.973895774834325
 30
0.0
 10
3.906428899857558
 20
7.974560380307318
 30
0.0
 10
3.907710638984044
 20
7.974560380307318
 30
0.0
 10
3.909229737208027
 20
7.974560380307318
 30
0.0
 10
3.910558948154012
 20
7.973563472097829
 30
0.0
 10
3.910986194529507
 20
7.972091845693345
 30
0.0
 10
3.910986194529507
 20
7.972091845693345
 30
0.0
 10
3.927411444076325
 20
7.913559092250496
 30
0.0
 10
3.927411444076325
 20
7.913559092250496
 30
0.0
  0
POLYLINE
  5
41
330
3C
100
AcDbEntity
  8
Layer 3
370
     0
100
AcDb2dPolyline
 66
     1
 10
0.0
 20
0.0
 30
0.0
  0
VERTEX
  5
42
330
41
100
AcDbEntity
  8
Layer 3
370
     0
100
AcDbVertex
100
AcDb2dVertex
 10
3.914878883728464
 20
7.93297506642578
 30
0.0
  0
VERTEX
  5
43
330
41
100
AcDbEntity
  8
Layer 3
370
     0
100
AcDbVertex
100
AcDb2dVertex
 10
3.906761202594054
 20
7.961932876320459
 30
0.0
  0
VERTEX
  5
44
330
41
100
AcDbEntity
  8
Layer 3
370
     0
100
AcDbVertex
100
AcDb2dVertex
 10
3.89190252309072
 20
7.93297506642578
 30
0.0
  0
VERTEX
  5
45
330
41
100
AcDbEntity
  8
Layer 3
370
     0
100
AcDbVertex
100
AcDb2dVertex
 10
3.914878883728464
 20
7.93297506642578
 30
0.0
  0
SEQEND
  5
46
330
41
100
AcDbEntity
  8
Layer 3
370
     0
  0
HATCH
  5
47
330
3C
100
AcDbEntity
  8
Layer 3
 62
     7
420
 16777215
100
AcDbHatch
 10
0.0
 20
0.0
 30
0.0
210
0.0
220
0.0
230
1.0
  2
SOLID
 70
     1
 71
     0
 91
        2
 92
        1
 93
        1
 72
     4
 94
        3
 73
     0
 74
     1
 95
       38
 96
       34
 40
0.0
 40
0.0
 40
0.0
 40
0.0
 40
1.0
 40
1.0
 40
1.0
 40
2.0
 40
2.0
 40
2.0
 40
3.0
 40
3.0
 40
3.0
 40
4.0
 40
4.0
 40
4.0
 40
5.0
 40
5.0
 40
5.0
 40
6.0
 40
6.0
 40
6.0
 40
7.0
 40
7.0
 40
7.0
 40
8.0
 40
8.0
 40
8.0
 40
9.0
 40
9.0
 40
9.0
 40
10.0
 40
10.0
 40
10.0
 40
11.0
 40
11.0
 40
11.0
 40
11.0
 10
3.927411444076325
 20
7.913559092250496
 10
3.927886162271319
 20
7.911802634929016
 10
3.92698419770083
 20
7.910046177607535
 10
3.925370155837848
 20
7.909476515773542
 10
3.923471283057869
 20
7.90876443848105
 10
3.921477466638891
 20
7.909808818510038
 10
3.920907804804897
 20
7.911755163109516
 10
3.920907804804897
 20
7.911755163109516
 10
3.916825228327943
 20
7.926139124417857
 10
3.916825228327943
 20
7.926139124417857
 10
3.916825228327943
 20
7.926139124417857
 10
3.888437080267258
 20
7.926139124417857
 10
3.888437080267258
 20
7.926139124417857
 10
3.888437080267258
 20
7.926139124417857
 10
3.880699173688844
 20
7.911138029456024
 10
3.880699173688844
 20
7.911138029456024
 10
3.879844680937854
 20
7.909476515773542
 10
3.877708449060377
 20
7.90881191030055
 10
3.876094407197396
 20
7.90966640305154
 10
3.874432893514914
 20
7.91052089580253
 10
3.873768288041922
 20
7.912514712221508
 10
3.874622780792912
 20
7.91417622590399
 10
3.874622780792912
 20
7.91417622590399
 10
3.904672442536078
 20
7.972708979346839
 10
3.904672442536078
 20
7.972708979346839
 10
3.905289576189571
 20
7.973895774834325
 10
3.906428899857558
 20
7.974560380307318
 10
3.907710638984044
 20
7.974560380307318
 10
3.909229737208027
 20
7.974560380307318
 10
3.910558948154012
 20
7.973563472097829
 10
3.910986194529507
 20
7.972091845693345
 10
3.910986194529507
 20
7.972091845693345
 10
3.927411444076325
 20
7.913559092250496
 10
3.927411444076325
 20
7.913559092250496
 97
        0
 92
        1
 93
        3
 72
     1
 10
3.914878883728464
 20
7.93297506642578
 11
3.906761202594054
 21
7.961932876320459
 72
     1
 10
3.906761202594054
 20
7.961932876320459
 11
3.89190252309072
 21
7.93297506642578
 72
     1
 10
3.89190252309072
 20
7.93297506642578
 11
3.914878883728464
 21
7.93297506642578
 97
        0
 75
     2
 76
     1
 98
        0
  0
SPLINE
  5
48
330
3C
100
AcDbEntity
  8
Layer 3
370
     0
100
AcDbSpline
210
0.0
220
0.0
230
1.0
 70
    11
 71
     3
 72
    47
 73
    43
 74
     0
 42
0.0000000001
 43
0.0000000001
 40
0.0
 40
0.0
 40
0.0
 40
0.0
 40
1.0
 40
1.0
 40
1.0
 40
2.0
 40
2.0
 40
2.0
 40
3.0
 40
3.0
 40
3.0
 40
4.0
 40
4.0
 40
4.0
 40
5.0
 40
5.0
 40
5.0
 40
6.0
 40
6.0
 40
6.0
 40
7.0
 40
7.0
 40
7.0
 40
8.0
 40
8.0
 40
8.0
 40
9.0
 40
9.0
 40
9.0
 40
10.0
 40
10.0
 40
10.0
 40
11.0
 40
11.0
 40
11.0
 40
12.0
 40
12.0
 40
12.0
 40
13.0
 40
13.0
 40
13.0
 40
14.0
 40
14.0
 40
14.0
 40
14.0
 10
3.987843070299153
 20
7.912467240402009
 30
0.0
 10
3.987653183021155
 20
7.910948142178025
 30
0.0
 10
3.986513859353168
 20
7.90966640305154
 30
0.0
 10
3.984994761129184
 20
7.909381572134543
 30
0.0
 10
3.983475662905201
 20
7.909049269398047
 30
0.0
 10
3.981956564681218
 20
7.90971387487104
 30
0.0
 10
3.981149543749727
 20
7.911043085817025
 30
0.0
 10
3.981149543749727
 20
7.911043085817025
 30
0.0
 10
3.951764487479554
 20
7.96008147535998
 30
0.0
 10
3.951764487479554
 20
7.96008147535998
 30
0.0
 10
3.951764487479554
 20
7.96008147535998
 30
0.0
 10
3.945925453681119
 20
7.912467240402009
 30
0.0
 10
3.945925453681119
 20
7.912467240402009
 30
0.0
 10
3.945688094583621
 20
7.910473423983031
 30
0.0
 10
3.943884165442642
 20
7.909049269398047
 30
0.0
 10
3.941890349023664
 20
7.909334100315044
 30
0.0
 10
3.939896532604686
 20
7.909571459412541
 30
0.0
 10
3.938519849839201
 20
7.911375388553521
 30
0.0
 10
3.938757208936699
 20
7.913321733152999
 30
0.0
 10
3.938757208936699
 20
7.913321733152999
 30
0.0
 10
3.945877981861619
 20
7.971427240220353
 30
0.0
 10
3.945877981861619
 20
7.971427240220353
 30
0.0
 10
3.946067869139617
 20
7.972946338444336
 30
0.0
 10
3.947207192807605
 20
7.974180605751322
 30
0.0
 10
3.948678819212089
 20
7.974512908487819
 30
0.0
 10
3.950197917436071
 20
7.974845211224315
 30
0.0
 10
3.951764487479554
 20
7.974180605751322
 30
0.0
 10
3.952571508411045
 20
7.972851394805337
 30
0.0
 10
3.952571508411045
 20
7.972851394805337
 30
0.0
 10
3.981956564681218
 20
7.923813005262383
 30
0.0
 10
3.981956564681218
 20
7.923813005262383
 30
0.0
 10
3.981956564681218
 20
7.923813005262383
 30
0.0
 10
3.987795598479653
 20
7.971427240220353
 30
0.0
 10
3.987795598479653
 20
7.971427240220353
 30
0.0
 10
3.98803295757715
 20
7.973421056639331
 30
0.0
 10
3.989836886718131
 20
7.974797739404815
 30
0.0
 10
3.991783231317609
 20
7.974560380307318
 30
0.0
 10
3.993777047736587
 20
7.974323021209821
 30
0.0
 10
3.995201202321571
 20
7.972519092068841
 30
0.0
 10
3.994963843224073
 20
7.970525275649863
 30
0.0
 10
3.994963843224073
 20
7.970525275649863
 30
0.0
 10
3.987843070299153
 20
7.912467240402009
 30
0.0
 10
3.987843070299153
 20
7.912467240402009
 30
0.0
  0
HATCH
  5
49
330
3C
100
AcDbEntity
  8
Layer 3
 62
     7
420
 16777215
100
AcDbHatch
 10
0.0
 20
0.0
 30
0.0
210
0.0
220
0.0
230
1.0
  2
SOLID
 70
     1
 71
     0
 91
        1
 92
        1
 93
        1
 72
     4
 94
        3
 73
     0
 74
     1
 95
       47
 96
       43
 40
0.0
 40
0.0
 40
0.0
 40
0.0
 40
1.0
 40
1.0
 40
1.0
 40
2.0
 40
2.0
 40
2.0
 40
3.0
 40
3.0
 40
3.0
 40
4.0
 40
4.0
 40
4.0
 40
5.0
 40
5.0
 40
5.0
 40
6.0
 40
6.0
 40
6.0
 40
7.0
 40
7.0
 40
7.0
 40
8.0
 40
8.0
 40
8.0
 40
9.0
 40
9.0
 40
9.0
 40
10.0
 40
10.0
 40
10.0
 40
11.0
 40
11.0
 40
11.0
 40
12.0
 40
12.0
 40
12.0
 40
13.0
 40
13.0
 40
13.0
 40
14.0
 40
14.0
 40
14.0
 40
14.0
 10
3.987843070299153
 20
7.912467240402009
 10
3.987653183021155
 20
7.910948142178025
 10
3.986513859353168
 20
7.90966640305154
 10
3.984994761129184
 20
7.909381572134543
 10
3.983475662905201
 20
7.909049269398047
 10
3.981956564681218
 20
7.90971387487104
 10
3.981149543749727
 20
7.911043085817025
 10
3.981149543749727
 20
7.911043085817025
 10
3.951764487479554
 20
7.96008147535998
 10
3.951764487479554
 20
7.96008147535998
 10
3.951764487479554
 20
7.96008147535998
 10
3.945925453681119
 20
7.912467240402009
 10
3.945925453681119
 20
7.912467240402009
 10
3.945688094583621
 20
7.910473423983031
 10
3.943884165442642
 20
7.909049269398047
 10
3.941890349023664
 20
7.909334100315044
 10
3.939896532604686
 20
7.909571459412541
 10
3.938519849839201
 20
7.911375388553521
 10
3.938757208936699
 20
7.913321733152999
 10
3.938757208936699
 20
7.913321733152999
 10
3.945877981861619
 20
7.971427240220353
 10
3.945877981861619
 20
7.971427240220353
 10
3.946067869139617
 20
7.972946338444336
 10
3.947207192807605
 20
7.974180605751322
 10
3.948678819212089
 20
7.974512908487819
 10
3.950197917436071
 20
7.974845211224315
 10
3.951764487479554
 20
7.974180605751322
 10
3.952571508411045
 20
7.972851394805337
 10
3.952571508411045
 20
7.972851394805337
 10
3.981956564681218
 20
7.923813005262383
 10
3.981956564681218
 20
7.923813005262383
 10
3.981956564681218
 20
7.923813005262383
 10
3.987795598479653
 20
7.971427240220353
 10
3.987795598479653
 20
7.971427240220353
 10
3.98803295757715
 20
7.973421056639331
 10
3.989836886718131
 20
7.974797739404815
 10
3.991783231317609
 20
7.974560380307318
 10
3.993777047736587
 20
7.974323021209821
 10
3.995201202321571
 20
7.972519092068841
 10
3.994963843224073
 20
7.970525275649863
 10
3.994963843224073
 20
7.970525275649863
 10
3.987843070299153
 20
7.912467240402009
 10
3.987843070299153
 20
7.912467240402009
 97
        0
 75
     2
 76
     1
 98
        0
  0
SPLINE
  5
4A
330
3C
100
AcDbEntity
  8
Layer 3
370
     0
100
AcDbSpline
210
0.0
220
0.0
230
1.0
 70
    11
 71
     3
 72
    59
 73
    55
 74
     0
 42
0.0000000001
 43
0.0000000001
 40
0.0
 40
0.0
 40
0.0
 40
0.0
 40
1.0
 40
1.0
 40
1.0
 40
2.0
 40
2.0
 40
2.0
 40
3.0
 40
3.0
 40
3.0
 40
4.0
 40
4.0
 40
4.0
 40
5.0
 40
5.0
 40
5.0
 40
6.0
 40
6.0
 40
6.0
 40
7.0
 40
7.0
 40
7.0
 40
8.0
 40
8.0
 40
8.0
 40
9.0
 40
9.0
 40
9.0
 40
10.0
 40
10.0
 40
10.0
 40
11.0
 40
11.0
 40
11.0
 40
12.0
 40
12.0
 40
12.0
 40
13.0
 40
13.0
 40
13.0
 40
14.0
 40
14.0
 40
14.0
 40
15.0
 40
15.0
 40
15.0
 40
16.0
 40
16.0
 40
16.0
 40
17.0
 40
17.0
 40
17.0
 40
18.0
 40
18.0
 40
18.0
 40
18.0
 10
4.04291038091854
 20
7.966347755533909
 30
0.0
 10
4.039444938095079
 20
7.967534551021396
 30
0.0
 10
4.033653376116144
 20
7.96810421285539
 30
0.0
 10
4.029713215097687
 20
7.96810421285539
 30
0.0
 10
4.021405646685279
 20
7.96810421285539
 30
0.0
 10
4.015376725608847
 20
7.964686241851428
 30
0.0
 10
4.015376725608847
 20
7.955809011605027
 30
0.0
 10
4.015376725608847
 20
7.951726435128072
 30
0.0
 10
4.017465485666824
 20
7.950444696001586
 30
0.0
 10
4.021548062143778
 20
7.94830846412411
 30
0.0
 10
4.021548062143778
 20
7.94830846412411
 30
0.0
 10
4.033368545199147
 20
7.942042183950179
 30
0.0
 10
4.033368545199147
 20
7.942042183950179
 30
0.0
 10
4.037641008954099
 20
7.939763536614205
 30
0.0
 10
4.043337627294036
 20
7.936772811985739
 30
0.0
 10
4.043337627294036
 20
7.928037997197835
 30
0.0
 10
4.043337627294036
 20
7.915125662293979
 30
0.0
 10
4.034175566130638
 20
7.908574551203052
 30
0.0
 10
4.021785421241275
 20
7.908574551203052
 30
0.0
 10
4.017465485666824
 20
7.908574551203052
 30
0.0
 10
4.010771959117398
 20
7.909144213037045
 30
0.0
 10
4.006214664445449
 20
7.910758254900028
 30
0.0
 10
4.004315791665469
 20
7.91142286037302
 30
0.0
 10
4.003318883455981
 20
7.913464148611498
 30
0.0
 10
4.003983488928974
 20
7.915363021391476
 30
0.0
 10
4.004648094401966
 20
7.917261894171455
 30
0.0
 10
4.006736854459943
 20
7.918258802380945
 30
0.0
 10
4.008588255420422
 20
7.917594196907952
 30
0.0
 10
4.012053698243884
 20
7.916407401420464
 30
0.0
 10
4.017845260222819
 20
7.915837739586471
 30
0.0
 10
4.021785421241275
 20
7.915837739586471
 30
0.0
 10
4.030092989653683
 20
7.915837739586471
 30
0.0
 10
4.036121910730116
 20
7.919255710590433
 30
0.0
 10
4.036121910730116
 20
7.928132940836835
 30
0.0
 10
4.036121910730116
 20
7.932215517313789
 30
0.0
 10
4.034033150672139
 20
7.933497256440274
 30
0.0
 10
4.029998046014684
 20
7.935633488317751
 30
0.0
 10
4.029998046014684
 20
7.935633488317751
 30
0.0
 10
4.018130091139816
 20
7.941899768491681
 30
0.0
 10
4.018130091139816
 20
7.941899768491681
 30
0.0
 10
4.013857627384864
 20
7.944130944008156
 30
0.0
 10
4.008161009044927
 20
7.947121668636624
 30
0.0
 10
4.008161009044927
 20
7.955903955244025
 30
0.0
 10
4.008161009044927
 20
7.968816290147882
 30
0.0
 10
4.017323070208325
 20
7.975319929419309
 30
0.0
 10
4.029713215097687
 20
7.975319929419309
 30
0.0
 10
4.034365453408635
 20
7.975319929419309
 30
0.0
 10
4.041011508138562
 20
7.974607852126818
 30
0.0
 10
4.045283971893514
 20
7.973136225722334
 30
0.0
 10
4.047182844673493
 20
7.972471620249341
 30
0.0
 10
4.048179752882982
 20
7.970382860191364
 30
0.0
 10
4.047515147409989
 20
7.968531459230885
 30
0.0
 10
4.046850541936997
 20
7.966632586450906
 30
0.0
 10
4.04476178187902
 20
7.965730621880416
 30
0.0
 10
4.04291038091854
 20
7.966347755533909
 30
0.0
  0
HATCH
  5
4B
330
3C
100
AcDbEntity
  8
Layer 3
 62
     7
420
 16777215
100
AcDbHatch
 10
0.0
 20
0.0
 30
0.0
210
0.0
220
0.0
230
1.0
  2
SOLID
 70
     1
 71
     0
 91
        1
 92
        1
 93
        1
 72
     4
 94
        3
 73
     0
 74
     1
 95
       59
 96
       55
 40
0.0
 40
0.0
 40
0.0
 40
0.0
 40
1.0
 40
1.0
 40
1.0
 40
2.0
 40
2.0
 40
2.0
 40
3.0
 40
3.0
 40
3.0
 40
4.0
 40
4.0
 40
4.0
 40
5.0
 40
5.0
 40
5.0
 40
6.0
 40
6.0
 40
6.0
 40
7.0
 40
7.0
 40
7.0
 40
8.0
 40
8.0
 40
8.0
 40
9.0
 40
9.0
 40
9.0
 40
10.0
 40
10.0
 40
10.0
 40
11.0
 40
11.0
 40
11.0
 40
12.0
 40
12.0
 40
12.0
 40
13.0
 40
13.0
 40
13.0
 40
14.0
 40
14.0
 40
14.0
 40
15.0
 40
15.0
 40
15.0
 40
16.0
 40
16.0
 40
16.0
 40
17.0
 40
17.0
 40
17.0
 40
18.0
 40
18.0
 40
18.0
 40
18.0
 10
4.04291038091854
 20
7.966347755533909
 10
4.039444938095079
 20
7.967534551021396
 10
4.033653376116144
 20
7.96810421285539
 10
4.029713215097687
 20
7.96810421285539
 10
4.021405646685279
 20
7.96810421285539
 10
4.015376725608847
 20
7.964686241851428
 10
4.015376725608847
 20
7.955809011605027
 10
4.015376725608847
 20
7.951726435128072
 10
4.017465485666824
 20
7.950444696001586
 10
4.021548062143778
 20
7.94830846412411
 10
4.021548062143778
 20
7.94830846412411
 10
4.033368545199147
 20
7.942042183950179
 10
4.033368545199147
 20
7.942042183950179
 10
4.037641008954099
 20
7.939763536614205
 10
4.043337627294036
 20
7.936772811985739
 10
4.043337627294036
 20
7.928037997197835
 10
4.043337627294036
 20
7.915125662293979
 10
4.034175566130638
 20
7.908574551203052
 10
4.021785421241275
 20
7.908574551203052
 10
4.017465485666824
 20
7.908574551203052
 10
4.010771959117398
 20
7.909144213037045
 10
4.006214664445449
 20
7.910758254900028
 10
4.004315791665469
 20
7.91142286037302
 10
4.003318883455981
 20
7.913464148611498
 10
4.003983488928974
 20
7.915363021391476
 10
4.004648094401966
 20
7.917261894171455
 10
4.006736854459943
 20
7.918258802380945
 10
4.008588255420422
 20
7.917594196907952
 10
4.012053698243884
 20
7.916407401420464
 10
4.017845260222819
 20
7.915837739586471
 10
4.021785421241275
 20
7.915837739586471
 10
4.030092989653683
 20
7.915837739586471
 10
4.036121910730116
 20
7.919255710590433
 10
4.036121910730116
 20
7.928132940836835
 10
4.036121910730116
 20
7.932215517313789
 10
4.034033150672139
 20
7.933497256440274
 10
4.029998046014684
 20
7.935633488317751
 10
4.029998046014684
 20
7.935633488317751
 10
4.018130091139816
 20
7.941899768491681
 10
4.018130091139816
 20
7.941899768491681
 10
4.013857627384864
 20
7.944130944008156
 10
4.008161009044927
 20
7.947121668636624
 10
4.008161009044927
 20
7.955903955244025
 10
4.008161009044927
 20
7.968816290147882
 10
4.017323070208325
 20
7.975319929419309
 10
4.029713215097687
 20
7.975319929419309
 10
4.034365453408635
 20
7.975319929419309
 10
4.041011508138562
 20
7.974607852126818
 10
4.045283971893514
 20
7.973136225722334
 10
4.047182844673493
 20
7.972471620249341
 10
4.048179752882982
 20
7.970382860191364
 10
4.047515147409989
 20
7.968531459230885
 10
4.046850541936997
 20
7.966632586450906
 10
4.04476178187902
 20
7.965730621880416
 10
4.04291038091854
 20
7.966347755533909
 97
        0
 75
     2
 76
     1
 98
        0
  0
SPLINE
  5
4C
330
3C
100
AcDbEntity
  8
Layer 3
370
     0
100
AcDbSpline
210
0.0
220
0.0
230
1.0
 70
    11
 71
     3
 72
    23
 73
    19
 74
     0
 42
0.0000000001
 43
0.0000000001
 40
0.0
 40
0.0
 40
0.0
 40
0.0
 40
1.0
 40
1.0
 40
1.0
 40
2.0
 40
2.0
 40
2.0
 40
3.0
 40
3.0
 40
3.0
 40
4.0
 40
4.0
 40
4.0
 40
5.0
 40
5.0
 40
5.0
 40
6.0
 40
6.0
 40
6.0
 40
6.0
 10
4.063655566039809
 20
7.91241976858251
 30
0.0
 10
4.063418206942313
 20
7.910425952163531
 30
0.0
 10
4.061614277801333
 20
7.909049269398047
 30
0.0
 10
4.059620461382354
 20
7.909286628495544
 30
0.0
 10
4.057626644963377
 20
7.909523987593041
 30
0.0
 10
4.056249962197892
 20
7.911327916734021
 30
0.0
 10
4.056487321295389
 20
7.913321733152999
 30
0.0
 10
4.056487321295389
 20
7.913321733152999
 30
0.0
 10
4.06360809422031
 20
7.971427240220353
 30
0.0
 10
4.06360809422031
 20
7.971427240220353
 30
0.0
 10
4.063845453317808
 20
7.973421056639331
 30
0.0
 10
4.065649382458788
 20
7.974797739404815
 30
0.0
 10
4.067643198877765
 20
7.974560380307318
 30
0.0
 10
4.069589543477243
 20
7.974323021209821
 30
0.0
 10
4.071013698062228
 20
7.972519092068841
 30
0.0
 10
4.07077633896473
 20
7.970525275649863
 30
0.0
 10
4.07077633896473
 20
7.970525275649863
 30
0.0
 10
4.063655566039809
 20
7.91241976858251
 30
0.0
 10
4.063655566039809
 20
7.91241976858251
 30
0.0
  0
HATCH
  5
4D
330
3C
100
AcDbEntity
  8
Layer 3
 62
     7
420
 16777215
100
AcDbHatch
 10
0.0
 20
0.0
 30
0.0
210
0.0
220
0.0
230
1.0
  2
SOLID
 70
     1
 71
     0
 91
        1
 92
        1
 93
        1
 72
     4
 94
        3
 73
     0
 74
     1
 95
       23
 96
       19
 40
0.0
 40
0.0
 40
0.0
 40
0.0
 40
1.0
 40
1.0
 40
1.0
 40
2.0
 40
2.0
 40
2.0
 40
3.0
 40
3.0
 40
3.0
 40
4.0
 40
4.0
 40
4.0
 40
5.0
 40
5.0
 40
5.0
 40
6.0
 40
6.0
 40
6.0
 40
6.0
 10
4.063655566039809
 20
7.91241976858251
 10
4.063418206942313
 20
7.910425952163531
 10
4.061614277801333
 20
7.909049269398047
 10
4.059620461382354
 20
7.909286628495544
 10
4.057626644963377
 20
7.909523987593041
 10
4.056249962197892
 20
7.911327916734021
 10
4.056487321295389
 20
7.913321733152999
 10
4.056487321295389
 20
7.913321733152999
 10
4.06360809422031
 20
7.971427240220353
 10
4.06360809422031
 20
7.971427240220353
 10
4.063845453317808
 20
7.973421056639331
 10
4.065649382458788
 20
7.974797739404815
 10
4.067643198877765
 20
7.974560380307318
 10
4.069589543477243
 20
7.974323021209821
 10
4.071013698062228
 20
7.972519092068841
 10
4.07077633896473
 20
7.970525275649863
 10
4.07077633896473
 20
7.970525275649863
 10
4.063655566039809
 20
7.91241976858251
 10
4.063655566039809
 20
7.91241976858251
 97
        0
 75
     2
 76
     1
 98
        0
  0
SPLINE
  5
4E
330
3C
100
AcDbEntity
  8
Layer 3
370
     0
100
AcDbSpline
210
0.0
220
0.0
230
1.0
 70
    11
 71
     3
 72
    32
 73
    28
 74
     0
 42
0.0000000001
 43
0.0000000001
 40
0.0
 40
0.0
 40
0.0
 40
0.0
 40
1.0
 40
1.0
 40
1.0
 40
2.0
 40
2.0
 40
2.0
 40
3.0
 40
3.0
 40
3.0
 40
4.0
 40
4.0
 40
4.0
 40
5.0
 40
5.0
 40
5.0
 40
6.0
 40
6.0
 40
6.0
 40
7.0
 40
7.0
 40
7.0
 40
8.0
 40
8.0
 40
8.0
 40
9.0
 40
9.0
 40
9.0
 40
9.0
 10
4.119624841229688
 20
7.94289667670117
 30
0.0
 10
4.124039720443138
 20
7.939573649336207
 30
0.0
 10
4.12655572687661
 20
7.934399221010764
 30
0.0
 10
4.12655572687661
 20
7.928845018129326
 30
0.0
 10
4.12655572687661
 20
7.91778408418595
 30
0.0
 10
4.118390573922701
 20
7.909239156676045
 30
0.0
 10
4.107187224520826
 20
7.909239156676045
 30
0.0
 10
4.107187224520826
 20
7.909239156676045
 30
0.0
 10
4.085587546648566
 20
7.909239156676045
 30
0.0
 10
4.085587546648566
 20
7.909239156676045
 30
0.0
 10
4.08340384295159
 20
7.909239156676045
 30
0.0
 10
4.081789801088608
 20
7.911185501275523
 30
0.0
 10
4.082027160186105
 20
7.913321733152999
 30
0.0
 10
4.082027160186105
 20
7.913321733152999
 30
0.0
 10
4.089100461291527
 20
7.971427240220353
 30
0.0
 10
4.089100461291527
 20
7.971427240220353
 30
0.0
 10
4.089337820389024
 20
7.973231169361333
 30
0.0
 10
4.090856918613007
 20
7.974607852126818
 30
0.0
 10
4.092708319573487
 20
7.974607852126818
 30
0.0
 10
4.092708319573487
 20
7.974607852126818
 30
0.0
 10
4.111127385539282
 20
7.974607852126818
 30
0.0
 10
4.111127385539282
 20
7.974607852126818
 30
0.0
 10
4.119862200327185
 20
7.974607852126818
 30
0.0
 10
4.127884937822595
 20
7.966632586450906
 30
0.0
 10
4.127884937822595
 20
7.957897771663004
 30
0.0
 10
4.127884937822595
 20
7.952011266045069
 30
0.0
 10
4.124277079540636
 20
7.946314647705132
 30
0.0
 10
4.119624841229688
 20
7.94289667670117
 30
0.0
  0
SPLINE
  5
4F
330
3C
100
AcDbEntity
  8
Layer 3
370
     0
100
AcDbSpline
210
0.0
220
0.0
230
1.0
 70
    11
 71
     3
 72
    20
 73
    16
 74
     0
 42
0.0000000001
 43
0.0000000001
 40
0.0
 40
0.0
 40
0.0
 40
0.0
 40
1.0
 40
1.0
 40
1.0
 40
2.0
 40
2.0
 40
2.0
 40
3.0
 40
3.0
 40
3.0
 40
4.0
 40
4.0
 40
4.0
 40
5.0
 40
5.0
 40
5.0
 40
5.0
 10
4.109086097300804
 20
7.939193874780211
 30
0.0
 10
4.109086097300804
 20
7.939193874780211
 30
0.0
 10
4.092470960475989
 20
7.939193874780211
 30
0.0
 10
4.092470960475989
 20
7.939193874780211
 30
0.0
 10
4.092470960475989
 20
7.939193874780211
 30
0.0
 10
4.08967012312552
 20
7.916502345059464
 30
0.0
 10
4.08967012312552
 20
7.916502345059464
 30
0.0
 10
4.08967012312552
 20
7.916502345059464
 30
0.0
 10
4.107187224520826
 20
7.916502345059464
 30
0.0
 10
4.107187224520826
 20
7.916502345059464
 30
0.0
 10
4.114355469265246
 20
7.916502345059464
 30
0.0
 10
4.11934001031269
 20
7.921724245204405
 30
0.0
 10
4.11934001031269
 20
7.928797546309827
 30
0.0
 10
4.11934001031269
 20
7.934541636469263
 30
0.0
 10
4.11487765927974
 20
7.939193874780211
 30
0.0
 10
4.109086097300804
 20
7.939193874780211
 30
0.0
  0
SPLINE
  5
50
330
3C
100
AcDbEntity
  8
Layer 3
370
     0
100
AcDbSpline
210
0.0
220
0.0
230
1.0
 70
    11
 71
     3
 72
    20
 73
    16
 74
     0
 42
0.0000000001
 43
0.0000000001
 40
0.0
 40
0.0
 40
0.0
 40
0.0
 40
1.0
 40
1.0
 40
1.0
 40
2.0
 40
2.0
 40
2.0
 40
3.0
 40
3.0
 40
3.0
 40
4.0
 40
4.0
 40
4.0
 40
5.0
 40
5.0
 40
5.0
 40
5.0
 10
4.111127385539282
 20
7.967344663743399
 30
0.0
 10
4.111127385539282
 20
7.967344663743399
 30
0.0
 10
4.095888931479951
 20
7.967344663743399
 30
0.0
 10
4.095888931479951
 20
7.967344663743399
 30
0.0
 10
4.095888931479951
 20
7.967344663743399
 30
0.0
 10
4.09332545322698
 20
7.94645706316363
 30
0.0
 10
4.09332545322698
 20
7.94645706316363
 30
0.0
 10
4.09332545322698
 20
7.94645706316363
 30
0.0
 10
4.109086097300804
 20
7.94645706316363
 30
0.0
 10
4.109086097300804
 20
7.94645706316363
 30
0.0
 10
4.114640300182243
 20
7.94645706316363
 30
0.0
 10
4.120669221258676
 20
7.952343568781565
 30
0.0
 10
4.120669221258676
 20
7.957897771663004
 30
0.0
 10
4.120669221258676
 20
7.96264495361295
 30
0.0
 10
4.115827095669729
 20
7.967344663743399
 30
0.0
 10
4.111127385539282
 20
7.967344663743399
 30
0.0
  0
HATCH
  5
51
330
3C
100
AcDbEntity
  8
Layer 3
 62
     7
420
 16777215
100
AcDbHatch
 10
0.0
 20
0.0
 30
0.0
210
0.0
220
0.0
230
1.0
  2
SOLID
 70
     1
 71
     0
 91
        3
 92
        1
 93
        1
 72
     4
 94
        3
 73
     0
 74
     1
 95
       32
 96
       28
 40
0.0
 40
0.0
 40
0.0
 40
0.0
 40
1.0
 40
1.0
 40
1.0
 40
2.0
 40
2.0
 40
2.0
 40
3.0
 40
3.0
 40
3.0
 40
4.0
 40
4.0
 40
4.0
 40
5.0
 40
5.0
 40
5.0
 40
6.0
 40
6.0
 40
6.0
 40
7.0
 40
7.0
 40
7.0
 40
8.0
 40
8.0
 40
8.0
 40
9.0
 40
9.0
 40
9.0
 40
9.0
 10
4.119624841229688
 20
7.94289667670117
 10
4.124039720443138
 20
7.939573649336207
 10
4.12655572687661
 20
7.934399221010764
 10
4.12655572687661
 20
7.928845018129326
 10
4.12655572687661
 20
7.91778408418595
 10
4.118390573922701
 20
7.909239156676045
 10
4.107187224520826
 20
7.909239156676045
 10
4.107187224520826
 20
7.909239156676045
 10
4.085587546648566
 20
7.909239156676045
 10
4.085587546648566
 20
7.909239156676045
 10
4.08340384295159
 20
7.909239156676045
 10
4.081789801088608
 20
7.911185501275523
 10
4.082027160186105
 20
7.913321733152999
 10
4.082027160186105
 20
7.913321733152999
 10
4.089100461291527
 20
7.971427240220353
 10
4.089100461291527
 20
7.971427240220353
 10
4.089337820389024
 20
7.973231169361333
 10
4.090856918613007
 20
7.974607852126818
 10
4.092708319573487
 20
7.974607852126818
 10
4.092708319573487
 20
7.974607852126818
 10
4.111127385539282
 20
7.974607852126818
 10
4.111127385539282
 20
7.974607852126818
 10
4.119862200327185
 20
7.974607852126818
 10
4.127884937822595
 20
7.966632586450906
 10
4.127884937822595
 20
7.957897771663004
 10
4.127884937822595
 20
7.952011266045069
 10
4.124277079540636
 20
7.946314647705132
 10
4.119624841229688
 20
7.94289667670117
 97
        0
 92
        1
 93
        1
 72
     4
 94
        3
 73
     0
 74
     1
 95
       20
 96
       16
 40
0.0
 40
0.0
 40
0.0
 40
0.0
 40
1.0
 40
1.0
 40
1.0
 40
2.0
 40
2.0
 40
2.0
 40
3.0
 40
3.0
 40
3.0
 40
4.0
 40
4.0
 40
4.0
 40
5.0
 40
5.0
 40
5.0
 40
5.0
 10
4.109086097300804
 20
7.939193874780211
 10
4.109086097300804
 20
7.939193874780211
 10
4.092470960475989
 20
7.939193874780211
 10
4.092470960475989
 20
7.939193874780211
 10
4.092470960475989
 20
7.939193874780211
 10
4.08967012312552
 20
7.916502345059464
 10
4.08967012312552
 20
7.916502345059464
 10
4.08967012312552
 20
7.916502345059464
 10
4.107187224520826
 20
7.916502345059464
 10
4.107187224520826
 20
7.916502345059464
 10
4.114355469265246
 20
7.916502345059464
 10
4.11934001031269
 20
7.921724245204405
 10
4.11934001031269
 20
7.928797546309827
 10
4.11934001031269
 20
7.934541636469263
 10
4.11487765927974
 20
7.939193874780211
 10
4.109086097300804
 20
7.939193874780211
 97
        0
 92
        1
 93
        1
 72
     4
 94
        3
 73
     0
 74
     1
 95
       20
 96
       16
 40
0.0
 40
0.0
 40
0.0
 40
0.0
 40
1.0
 40
1.0
 40
1.0
 40
2.0
 40
2.0
 40
2.0
 40
3.0
 40
3.0
 40
3.0
 40
4.0
 40
4.0
 40
4.0
 40
5.0
 40
5.0
 40
5.0
 40
5.0
 10
4.111127385539282
 20
7.967344663743399
 10
4.111127385539282
 20
7.967344663743399
 10
4.095888931479951
 20
7.967344663743399
 10
4.095888931479951
 20
7.967344663743399
 10
4.095888931479951
 20
7.967344663743399
 10
4.09332545322698
 20
7.94645706316363
 10
4.09332545322698
 20
7.94645706316363
 10
4.09332545322698
 20
7.94645706316363
 10
4.109086097300804
 20
7.94645706316363
 10
4.109086097300804
 20
7.94645706316363
 10
4.114640300182243
 20
7.94645706316363
 10
4.120669221258676
 20
7.952343568781565
 10
4.120669221258676
 20
7.957897771663004
 10
4.120669221258676
 20
7.96264495361295
 10
4.115827095669729
 20
7.967344663743399
 10
4.111127385539282
 20
7.967344663743399
 97
        0
 75
     2
 76
     1
 98
        0
  0
SPLINE
  5
52
330
3C
100
AcDbEntity
  8
Layer 3
370
     0
100
AcDbSpline
210
0.0
220
0.0
230
1.0
 70
    11
 71
     3
 72
    32
 73
    28
 74
     0
 42
0.0000000001
 43
0.0000000001
 40
0.0
 40
0.0
 40
0.0
 40
0.0
 40
1.0
 40
1.0
 40
1.0
 40
2.0
 40
2.0
 40
2.0
 40
3.0
 40
3.0
 40
3.0
 40
4.0
 40
4.0
 40
4.0
 40
5.0
 40
5.0
 40
5.0
 40
6.0
 40
6.0
 40
6.0
 40
7.0
 40
7.0
 40
7.0
 40
8.0
 40
8.0
 40
8.0
 40
9.0
 40
9.0
 40
9.0
 40
9.0
 10
4.17065704719162
 20
7.909239156676045
 30
0.0
 10
4.17065704719162
 20
7.909239156676045
 30
0.0
 10
4.143740525535419
 20
7.909239156676045
 30
0.0
 10
4.143740525535419
 20
7.909239156676045
 30
0.0
 10
4.141651765477443
 20
7.909239156676045
 30
0.0
 10
4.139942779975462
 20
7.911375388553521
 30
0.0
 10
4.140180139072958
 20
7.913321733152999
 30
0.0
 10
4.140180139072958
 20
7.913321733152999
 30
0.0
 10
4.147300911997879
 20
7.971379768400854
 30
0.0
 10
4.147300911997879
 20
7.971379768400854
 30
0.0
 10
4.147538271095377
 20
7.973373584819831
 30
0.0
 10
4.149342200236357
 20
7.974797739404815
 30
0.0
 10
4.151288544835835
 20
7.974560380307318
 30
0.0
 10
4.153282361254813
 20
7.974323021209821
 30
0.0
 10
4.154706515839798
 20
7.972519092068841
 30
0.0
 10
4.1544691567423
 20
7.970525275649863
 30
0.0
 10
4.1544691567423
 20
7.970525275649863
 30
0.0
 10
4.147823102012373
 20
7.916502345059464
 30
0.0
 10
4.147823102012373
 20
7.916502345059464
 30
0.0
 10
4.147823102012373
 20
7.916502345059464
 30
0.0
 10
4.17065704719162
 20
7.916502345059464
 30
0.0
 10
4.17065704719162
 20
7.916502345059464
 30
0.0
 10
4.172650863610597
 20
7.916502345059464
 30
0.0
 10
4.17426490547358
 20
7.914888303196482
 30
0.0
 10
4.17426490547358
 20
7.912894486777504
 30
0.0
 10
4.17426490547358
 20
7.910900670358526
 30
0.0
 10
4.172650863610597
 20
7.909239156676045
 30
0.0
 10
4.17065704719162
 20
7.909239156676045
 30
0.0
  0
HATCH
  5
53
330
3C
100
AcDbEntity
  8
Layer 3
 62
     7
420
 16777215
100
AcDbHatch
 10
0.0
 20
0.0
 30
0.0
210
0.0
220
0.0
230
1.0
  2
SOLID
 70
     1
 71
     0
 91
        1
 92
        1
 93
        1
 72
     4
 94
        3
 73
     0
 74
     1
 95
       32
 96
       28
 40
0.0
 40
0.0
 40
0.0
 40
0.0
 40
1.0
 40
1.0
 40
1.0
 40
2.0
 40
2.0
 40
2.0
 40
3.0
 40
3.0
 40
3.0
 40
4.0
 40
4.0
 40
4.0
 40
5.0
 40
5.0
 40
5.0
 40
6.0
 40
6.0
 40
6.0
 40
7.0
 40
7.0
 40
7.0
 40
8.0
 40
8.0
 40
8.0
 40
9.0
 40
9.0
 40
9.0
 40
9.0
 10
4.17065704719162
 20
7.909239156676045
 10
4.17065704719162
 20
7.909239156676045
 10
4.143740525535419
 20
7.909239156676045
 10
4.143740525535419
 20
7.909239156676045
 10
4.141651765477443
 20
7.909239156676045
 10
4.139942779975462
 20
7.911375388553521
 10
4.140180139072958
 20
7.913321733152999
 10
4.140180139072958
 20
7.913321733152999
 10
4.147300911997879
 20
7.971379768400854
 10
4.147300911997879
 20
7.971379768400854
 10
4.147538271095377
 20
7.973373584819831
 10
4.149342200236357
 20
7.974797739404815
 10
4.151288544835835
 20
7.974560380307318
 10
4.153282361254813
 20
7.974323021209821
 10
4.154706515839798
 20
7.972519092068841
 10
4.1544691567423
 20
7.970525275649863
 10
4.1544691567423
 20
7.970525275649863
 10
4.147823102012373
 20
7.916502345059464
 10
4.147823102012373
 20
7.916502345059464
 10
4.147823102012373
 20
7.916502345059464
 10
4.17065704719162
 20
7.916502345059464
 10
4.17065704719162
 20
7.916502345059464
 10
4.172650863610597
 20
7.916502345059464
 10
4.17426490547358
 20
7.914888303196482
 10
4.17426490547358
 20
7.912894486777504
 10
4.17426490547358
 20
7.910900670358526
 10
4.172650863610597
 20
7.909239156676045
 10
4.17065704719162
 20
7.909239156676045
 97
        0
 75
     2
 76
     1
 98
        0
  0
SPLINE
  5
54
330
3C
100
AcDbEntity
  8
Layer 3
370
     0
100
AcDbSpline
210
0.0
220
0.0
230
1.0
 70
    11
 71
     3
 72
    56
 73
    52
 74
     0
 42
0.0000000001
 43
0.0000000001
 40
0.0
 40
0.0
 40
0.0
 40
0.0
 40
1.0
 40
1.0
 40
1.0
 40
2.0
 40
2.0
 40
2.0
 40
3.0
 40
3.0
 40
3.0
 40
4.0
 40
4.0
 40
4.0
 40
5.0
 40
5.0
 40
5.0
 40
6.0
 40
6.0
 40
6.0
 40
7.0
 40
7.0
 40
7.0
 40
8.0
 40
8.0
 40
8.0
 40
9.0
 40
9.0
 40
9.0
 40
10.0
 40
10.0
 40
10.0
 40
11.0
 40
11.0
 40
11.0
 40
12.0
 40
12.0
 40
12.0
 40
13.0
 40
13.0
 40
13.0
 40
14.0
 40
14.0
 40
14.0
 40
15.0
 40
15.0
 40
15.0
 40
16.0
 40
16.0
 40
16.0
 40
17.0
 40
17.0
 40
17.0
 40
17.0
 10
4.226578850561998
 20
7.967344663743399
 30
0.0
 10
4.226578850561998
 20
7.967344663743399
 30
0.0
 10
4.199092667071803
 20
7.967344663743399
 30
0.0
 10
4.199092667071803
 20
7.967344663743399
 30
0.0
 10
4.199092667071803
 20
7.967344663743399
 30
0.0
 10
4.196386773360333
 20
7.945507626773641
 30
0.0
 10
4.196386773360333
 20
7.945507626773641
 30
0.0
 10
4.196386773360333
 20
7.945507626773641
 30
0.0
 10
4.218935887622583
 20
7.945507626773641
 30
0.0
 10
4.218935887622583
 20
7.945507626773641
 30
0.0
 10
4.220929704041561
 20
7.945507626773641
 30
0.0
 10
4.222543745904543
 20
7.94389358491066
 30
0.0
 10
4.222543745904543
 20
7.941899768491681
 30
0.0
 10
4.222543745904543
 20
7.939905952072704
 30
0.0
 10
4.220929704041561
 20
7.938291910209721
 30
0.0
 10
4.218935887622583
 20
7.938291910209721
 30
0.0
 10
4.218935887622583
 20
7.938291910209721
 30
0.0
 10
4.195532280609343
 20
7.938291910209721
 30
0.0
 10
4.195532280609343
 20
7.938291910209721
 30
0.0
 10
4.195532280609343
 20
7.938291910209721
 30
0.0
 10
4.192826386897873
 20
7.916502345059464
 30
0.0
 10
4.192826386897873
 20
7.916502345059464
 30
0.0
 10
4.192826386897873
 20
7.916502345059464
 30
0.0
 10
4.218698528525086
 20
7.916502345059464
 30
0.0
 10
4.218698528525086
 20
7.916502345059464
 30
0.0
 10
4.220692344944063
 20
7.916502345059464
 30
0.0
 10
4.222353858626545
 20
7.914888303196482
 30
0.0
 10
4.222353858626545
 20
7.912894486777504
 30
0.0
 10
4.222353858626545
 20
7.910900670358526
 30
0.0
 10
4.220692344944063
 20
7.909239156676045
 30
0.0
 10
4.218698528525086
 20
7.909239156676045
 30
0.0
 10
4.218698528525086
 20
7.909239156676045
 30
0.0
 10
4.188743810420918
 20
7.909239156676045
 30
0.0
 10
4.188743810420918
 20
7.909239156676045
 30
0.0
 10
4.186607578543442
 20
7.909239156676045
 30
0.0
 10
4.184898593041462
 20
7.911185501275523
 30
0.0
 10
4.185183423958458
 20
7.913321733152999
 30
0.0
 10
4.185183423958458
 20
7.913321733152999
 30
0.0
 10
4.192304196883379
 20
7.971427240220353
 30
0.0
 10
4.192304196883379
 20
7.971427240220353
 30
0.0
 10
4.192541555980877
 20
7.973231169361333
 30
0.0
 10
4.19406065420486
 20
7.974607852126818
 30
0.0
 10
4.195864583345839
 20
7.974607852126818
 30
0.0
 10
4.195864583345839
 20
7.974607852126818
 30
0.0
 10
4.226578850561998
 20
7.974607852126818
 30
0.0
 10
4.226578850561998
 20
7.974607852126818
 30
0.0
 10
4.228572666980976
 20
7.974607852126818
 30
0.0
 10
4.230186708843958
 20
7.972993810263835
 30
0.0
 10
4.230186708843958
 20
7.970952522025359
 30
0.0
 10
4.230186708843958
 20
7.96895870560638
 30
0.0
 10
4.228572666980976
 20
7.967344663743399
 30
0.0
 10
4.226578850561998
 20
7.967344663743399
 30
0.0
  0
HATCH
  5
55
330
3C
100
AcDbEntity
  8
Layer 3
 62
     7
420
 16777215
100
AcDbHatch
 10
0.0
 20
0.0
 30
0.0
210
0.0
220
0.0
230
1.0
  2
SOLID
 70
     1
 71
     0
 91
        1
 92
        1
 93
        1
 72
     4
 94
        3
 73
     0
 74
     1
 95
       56
 96
       52
 40
0.0
 40
0.0
 40
0.0
 40
0.0
 40
1.0
 40
1.0
 40
1.0
 40
2.0
 40
2.0
 40
2.0
 40
3.0
 40
3.0
 40
3.0
 40
4.0
 40
4.0
 40
4.0
 40
5.0
 40
5.0
 40
5.0
 40
6.0
 40
6.0
 40
6.0
 40
7.0
 40
7.0
 40
7.0
 40
8.0
 40
8.0
 40
8.0
 40
9.0
 40
9.0
 40
9.0
 40
10.0
 40
10.0
 40
10.0
 40
11.0
 40
11.0
 40
11.0
 40
12.0
 40
12.0
 40
12.0
 40
13.0
 40
13.0
 40
13.0
 40
14.0
 40
14.0
 40
14.0
 40
15.0
 40
15.0
 40
15.0
 40
16.0
 40
16.0
 40
16.0
 40
17.0
 40
17.0
 40
17.0
 40
17.0
 10
4.226578850561998
 20
7.967344663743399
 10
4.226578850561998
 20
7.967344663743399
 10
4.199092667071803
 20
7.967344663743399
 10
4.199092667071803
 20
7.967344663743399
 10
4.199092667071803
 20
7.967344663743399
 10
4.196386773360333
 20
7.945507626773641
 10
4.196386773360333
 20
7.945507626773641
 10
4.196386773360333
 20
7.945507626773641
 10
4.218935887622583
 20
7.945507626773641
 10
4.218935887622583
 20
7.945507626773641
 10
4.220929704041561
 20
7.945507626773641
 10
4.222543745904543
 20
7.94389358491066
 10
4.222543745904543
 20
7.941899768491681
 10
4.222543745904543
 20
7.939905952072704
 10
4.220929704041561
 20
7.938291910209721
 10
4.218935887622583
 20
7.938291910209721
 10
4.218935887622583
 20
7.938291910209721
 10
4.195532280609343
 20
7.938291910209721
 10
4.195532280609343
 20
7.938291910209721
 10
4.195532280609343
 20
7.938291910209721
 10
4.192826386897873
 20
7.916502345059464
 10
4.192826386897873
 20
7.916502345059464
 10
4.192826386897873
 20
7.916502345059464
 10
4.218698528525086
 20
7.916502345059464
 10
4.218698528525086
 20
7.916502345059464
 10
4.220692344944063
 20
7.916502345059464
 10
4.222353858626545
 20
7.914888303196482
 10
4.222353858626545
 20
7.912894486777504
 10
4.222353858626545
 20
7.910900670358526
 10
4.220692344944063
 20
7.909239156676045
 10
4.218698528525086
 20
7.909239156676045
 10
4.218698528525086
 20
7.909239156676045
 10
4.188743810420918
 20
7.909239156676045
 10
4.188743810420918
 20
7.909239156676045
 10
4.186607578543442
 20
7.909239156676045
 10
4.184898593041462
 20
7.911185501275523
 10
4.185183423958458
 20
7.913321733152999
 10
4.185183423958458
 20
7.913321733152999
 10
4.192304196883379
 20
7.971427240220353
 10
4.192304196883379
 20
7.971427240220353
 10
4.192541555980877
 20
7.973231169361333
 10
4.19406065420486
 20
7.974607852126818
 10
4.195864583345839
 20
7.974607852126818
 10
4.195864583345839
 20
7.974607852126818
 10
4.226578850561998
 20
7.974607852126818
 10
4.226578850561998
 20
7.974607852126818
 10
4.228572666980976
 20
7.974607852126818
 10
4.230186708843958
 20
7.972993810263835
 10
4.230186708843958
 20
7.970952522025359
 10
4.230186708843958
 20
7.96895870560638
 10
4.228572666980976
 20
7.967344663743399
 10
4.226578850561998
 20
7.967344663743399
 97
        0
 75
     2
 76
     1
 98
        0
  0
ENDBLK
  5
3F
330
3C
100
AcDbEntity
  8
0
100
AcDbBlockEnd
  0
BLOCK
  5
58
330
56
100
AcDbEntity
  8
0
100
AcDbBlockBegin
  2
block 3
 70
     0
 71
     0
 10
0.0
 20
0.0
 30
0.0
  3
block 3
  1

  0
SPLINE
  5
5A
330
56
100
AcDbEntity
  8
Layer 3
370
     0
100
AcDbSpline
210
0.0
220
0.0
230
1.0
 70
    11
 71
     3
 72
    56
 73
    52
 74
     0
 42
0.0000000001
 43
0.0000000001
 40
0.0
 40
0.0
 40
0.0
 40
0.0
 40
1.0
 40
1.0
 40
1.0
 40
2.0
 40
2.0
 40
2.0
 40
3.0
 40
3.0
 40
3.0
 40
4.0
 40
4.0
 40
4.0
 40
5.0
 40
5.0
 40
5.0
 40
6.0
 40
6.0
 40
6.0
 40
7.0
 40
7.0
 40
7.0
 40
8.0
 40
8.0
 40
8.0
 40
9.0
 40
9.0
 40
9.0
 40
10.0
 40
10.0
 40
10.0
 40
11.0
 40
11.0
 40
11.0
 40
12.0
 40
12.0
 40
12.0
 40
13.0
 40
13.0
 40
13.0
 40
14.0
 40
14.0
 40
14.0
 40
15.0
 40
15.0
 40
15.0
 40
16.0
 40
16.0
 40
16.0
 40
17.0
 40
17.0
 40
17.0
 40
17.0
 10
4.329240051073857
 20
3.818741667553534
 30
0.0
 10
4.326717262951885
 20
3.817982118441542
 30
0.0
 10
4.323868953781916
 20
3.817086935559552
 30
0.0
 10
4.32077650382595
 20
3.815757724613567
 30
0.0
 10
4.314998505224015
 20
3.813234936491595
 30
0.0
 10
4.312909745166038
 20
3.808826838966644
 30
0.0
 10
4.311906055268049
 20
3.803984713377698
 30
0.0
 10
4.311906055268049
 20
3.803984713377698
 30
0.0
 10
4.335777598787784
 20
3.803984713377698
 30
0.0
 10
4.335777598787784
 20
3.803984713377698
 30
0.0
 10
4.337784978583762
 20
3.803984713377698
 30
0.0
 10
4.339385457069744
 20
3.802370671514715
 30
0.0
 10
4.339385457069744
 20
3.800376855095738
 30
0.0
 10
4.339385457069744
 20
3.79838303867676
 30
0.0
 10
4.337784978583762
 20
3.796768996813778
 30
0.0
 10
4.335777598787784
 20
3.796768996813778
 30
0.0
 10
4.335777598787784
 20
3.796768996813778
 30
0.0
 10
4.307674281644096
 20
3.796768996813778
 30
0.0
 10
4.307674281644096
 20
3.796768996813778
 30
0.0
 10
4.30554483145512
 20
3.796768996813778
 30
0.0
 10
4.303876536084139
 20
3.798667869593757
 30
0.0
 10
4.304120676870135
 20
3.800810883159733
 30
0.0
 10
4.304785282343128
 20
3.806168417074673
 30
0.0
 10
4.306114493289114
 20
3.817331076345549
 30
0.0
 10
4.317887504524982
 20
3.822403779343492
 30
0.0
 10
4.321346165659944
 20
3.823922877567476
 30
0.0
 10
4.32443861561591
 20
3.824872313957465
 30
0.0
 10
4.32709703750788
 20
3.825686116577456
 30
0.0
 10
4.333838035876805
 20
3.827774876635433
 30
0.0
 10
4.335641965017785
 20
3.828480172239425
 30
0.0
 10
4.336157373343779
 20
3.832942523272375
 30
0.0
 10
4.336916922455771
 20
3.839168113315306
 30
0.0
 10
4.330569262019841
 20
3.841297563504282
 30
0.0
 10
4.325442305513898
 20
3.841297563504282
 30
0.0
 10
4.321454672675943
 20
3.841297563504282
 30
0.0
 10
4.315839434598005
 20
3.840063296197296
 30
0.0
 10
4.313709984409029
 20
3.839398690724304
 30
0.0
 10
4.311770421498051
 20
3.83878833875931
 30
0.0
 10
4.309763041702073
 20
3.839873408919298
 30
0.0
 10
4.30915268973708
 20
3.841772281699277
 30
0.0
 10
4.308583027903086
 20
3.843671154479256
 30
0.0
 10
4.309627407932075
 20
3.845705661029233
 30
0.0
 10
4.311580534220052
 20
3.846329576371227
 30
0.0
 10
4.31451022365202
 20
3.847224759253216
 30
0.0
 10
4.32077650382595
 20
3.848513280068202
 30
0.0
 10
4.325442305513898
 20
3.848513280068202
 30
0.0
 10
4.33516724682279
 20
3.848513280068202
 30
0.0
 10
4.344702300853684
 20
3.842857351859265
 30
0.0
 10
4.343373089907699
 20
3.832088030521385
 30
0.0
 10
4.342233766239712
 20
3.822729300391489
 30
0.0
 10
4.335926795934782
 20
3.82078973748051
 30
0.0
 10
4.329240051073857
 20
3.818741667553534
 30
0.0
  0
HATCH
  5
5B
330
56
100
AcDbEntity
  8
Layer 3
 62
     7
420
 16777215
100
AcDbHatch
 10
0.0
 20
0.0
 30
0.0
210
0.0
220
0.0
230
1.0
  2
SOLID
 70
     1
 71
     0
 91
        1
 92
        1
 93
        1
 72
     4
 94
        3
 73
     0
 74
     1
 95
       56
 96
       52
 40
0.0
 40
0.0
 40
0.0
 40
0.0
 40
1.0
 40
1.0
 40
1.0
 40
2.0
 40
2.0
 40
2.0
 40
3.0
 40
3.0
 40
3.0
 40
4.0
 40
4.0
 40
4.0
 40
5.0
 40
5.0
 40
5.0
 40
6.0
 40
6.0
 40
6.0
 40
7.0
 40
7.0
 40
7.0
 40
8.0
 40
8.0
 40
8.0
 40
9.0
 40
9.0
 40
9.0
 40
10.0
 40
10.0
 40
10.0
 40
11.0
 40
11.0
 40
11.0
 40
12.0
 40
12.0
 40
12.0
 40
13.0
 40
13.0
 40
13.0
 40
14.0
 40
14.0
 40
14.0
 40
15.0
 40
15.0
 40
15.0
 40
16.0
 40
16.0
 40
16.0
 40
17.0
 40
17.0
 40
17.0
 40
17.0
 10
4.329240051073857
 20
3.818741667553534
 10
4.326717262951885
 20
3.817982118441542
 10
4.323868953781916
 20
3.817086935559552
 10
4.32077650382595
 20
3.815757724613567
 10
4.314998505224015
 20
3.813234936491595
 10
4.312909745166038
 20
3.808826838966644
 10
4.311906055268049
 20
3.803984713377698
 10
4.311906055268049
 20
3.803984713377698
 10
4.335777598787784
 20
3.803984713377698
 10
4.335777598787784
 20
3.803984713377698
 10
4.337784978583762
 20
3.803984713377698
 10
4.339385457069744
 20
3.802370671514715
 10
4.339385457069744
 20
3.800376855095738
 10
4.339385457069744
 20
3.79838303867676
 10
4.337784978583762
 20
3.796768996813778
 10
4.335777598787784
 20
3.796768996813778
 10
4.335777598787784
 20
3.796768996813778
 10
4.307674281644096
 20
3.796768996813778
 10
4.307674281644096
 20
3.796768996813778
 10
4.30554483145512
 20
3.796768996813778
 10
4.303876536084139
 20
3.798667869593757
 10
4.304120676870135
 20
3.800810883159733
 10
4.304785282343128
 20
3.806168417074673
 10
4.306114493289114
 20
3.817331076345549
 10
4.317887504524982
 20
3.822403779343492
 10
4.321346165659944
 20
3.823922877567476
 10
4.32443861561591
 20
3.824872313957465
 10
4.32709703750788
 20
3.825686116577456
 10
4.333838035876805
 20
3.827774876635433
 10
4.335641965017785
 20
3.828480172239425
 10
4.336157373343779
 20
3.832942523272375
 10
4.336916922455771
 20
3.839168113315306
 10
4.330569262019841
 20
3.841297563504282
 10
4.325442305513898
 20
3.841297563504282
 10
4.321454672675943
 20
3.841297563504282
 10
4.315839434598005
 20
3.840063296197296
 10
4.313709984409029
 20
3.839398690724304
 10
4.311770421498051
 20
3.83878833875931
 10
4.309763041702073
 20
3.839873408919298
 10
4.30915268973708
 20
3.841772281699277
 10
4.308583027903086
 20
3.843671154479256
 10
4.309627407932075
 20
3.845705661029233
 10
4.311580534220052
 20
3.846329576371227
 10
4.31451022365202
 20
3.847224759253216
 10
4.32077650382595
 20
3.848513280068202
 10
4.325442305513898
 20
3.848513280068202
 10
4.33516724682279
 20
3.848513280068202
 10
4.344702300853684
 20
3.842857351859265
 10
4.343373089907699
 20
3.832088030521385
 10
4.342233766239712
 20
3.822729300391489
 10
4.335926795934782
 20
3.82078973748051
 10
4.329240051073857
 20
3.818741667553534
 97
        0
 75
     2
 76
     1
 98
        0
  0
ENDBLK
  5
59
330
56
100
AcDbEntity
  8
0
100
AcDbBlockEnd
  0
BLOCK
  5
5E
330
5C
100
AcDbEntity
  8
0
100
AcDbBlockBegin
  2
block 4
 70
     0
 71
     0
 10
0.0
 20
0.0
 30
0.0
  3
block 4
  1

  0
SPLINE
  5
60
330
5C
100
AcDbEntity
  8
Layer 3
370
     0
100
AcDbSpline
210
0.0
220
0.0
230
1.0
 70
    11
 71
     3
 72
    50
 73
    46
 74
     0
 42
0.0000000001
 43
0.0000000001
 40
0.0
 40
0.0
 40
0.0
 40
0.0
 40
1.0
 40
1.0
 40
1.0
 40
2.0
 40
2.0
 40
2.0
 40
3.0
 40
3.0
 40
3.0
 40
4.0
 40
4.0
 40
4.0
 40
5.0
 40
5.0
 40
5.0
 40
6.0
 40
6.0
 40
6.0
 40
7.0
 40
7.0
 40
7.0
 40
8.0
 40
8.0
 40
8.0
 40
9.0
 40
9.0
 40
9.0
 40
10.0
 40
10.0
 40
10.0
 40
11.0
 40
11.0
 40
11.0
 40
12.0
 40
12.0
 40
12.0
 40
13.0
 40
13.0
 40
13.0
 40
14.0
 40
14.0
 40
14.0
 40
15.0
 40
15.0
 40
15.0
 40
15.0
 10
3.837276022223827
 20
3.796755433436778
 30
0.0
 10
3.837276022223827
 20
3.796755433436778
 30
0.0
 10
3.809599951455635
 20
3.796755433436778
 30
0.0
 10
3.809599951455635
 20
3.796755433436778
 30
0.0
 10
3.807606135036657
 20
3.796755433436778
 30
0.0
 10
3.805992093173675
 20
3.79836947529976
 30
0.0
 10
3.805992093173675
 20
3.800403981849737
 30
0.0
 10
3.805992093173675
 20
3.802411361645715
 30
0.0
 10
3.807606135036657
 20
3.804011840131697
 30
0.0
 10
3.809599951455635
 20
3.804011840131697
 30
0.0
 10
3.809599951455635
 20
3.804011840131697
 30
0.0
 10
3.820281110843016
 20
3.804011840131697
 30
0.0
 10
3.820281110843016
 20
3.804011840131697
 30
0.0
 10
3.820281110843016
 20
3.804011840131697
 30
0.0
 10
3.824648518236968
 20
3.839520761117302
 30
0.0
 10
3.824648518236968
 20
3.839520761117302
 30
0.0
 10
3.824648518236968
 20
3.839520761117302
 30
0.0
 10
3.814679436142078
 20
3.837486254567325
 30
0.0
 10
3.814679436142078
 20
3.837486254567325
 30
0.0
 10
3.8127330915426
 20
3.837106480011329
 30
0.0
 10
3.810786746943122
 20
3.838300057187316
 30
0.0
 10
3.810406972387126
 20
3.840239620098294
 30
0.0
 10
3.809979726011631
 20
3.842233436517272
 30
0.0
 10
3.811213993318617
 20
3.844132309297251
 30
0.0
 10
3.813207809737595
 20
3.844566337361246
 30
0.0
 10
3.813207809737595
 20
3.844566337361246
 30
0.0
 10
3.828113961060429
 20
3.847645223940212
 30
0.0
 10
3.828113961060429
 20
3.847645223940212
 30
0.0
 10
3.829253284728416
 20
3.847875801349209
 30
0.0
 10
3.830440080215903
 20
3.847550280301213
 30
0.0
 10
3.831294572966894
 20
3.846790731189222
 30
0.0
 10
3.832196537537384
 20
3.84597692856923
 30
0.0
 10
3.832623783912879
 20
3.844837604901243
 30
0.0
 10
3.83248136845438
 20
3.843657591102256
 30
0.0
 10
3.83248136845438
 20
3.843657591102256
 30
0.0
 10
3.827639242865434
 20
3.804011840131697
 30
0.0
 10
3.827639242865434
 20
3.804011840131697
 30
0.0
 10
3.827639242865434
 20
3.804011840131697
 30
0.0
 10
3.837276022223827
 20
3.804011840131697
 30
0.0
 10
3.837276022223827
 20
3.804011840131697
 30
0.0
 10
3.839269838642805
 20
3.804011840131697
 30
0.0
 10
3.840931352325287
 20
3.802411361645715
 30
0.0
 10
3.840931352325287
 20
3.800403981849737
 30
0.0
 10
3.840931352325287
 20
3.79836947529976
 30
0.0
 10
3.839269838642805
 20
3.796755433436778
 30
0.0
 10
3.837276022223827
 20
3.796755433436778
 30
0.0
  0
HATCH
  5
61
330
5C
100
AcDbEntity
  8
Layer 3
 62
     7
420
 16777215
100
AcDbHatch
 10
0.0
 20
0.0
 30
0.0
210
0.0
220
0.0
230
1.0
  2
SOLID
 70
     1
 71
     0
 91
        1
 92
        1
 93
        1
 72
     4
 94
        3
 73
     0
 74
     1
 95
       50
 96
       46
 40
0.0
 40
0.0
 40
0.0
 40
0.0
 40
1.0
 40
1.0
 40
1.0
 40
2.0
 40
2.0
 40
2.0
 40
3.0
 40
3.0
 40
3.0
 40
4.0
 40
4.0
 40
4.0
 40
5.0
 40
5.0
 40
5.0
 40
6.0
 40
6.0
 40
6.0
 40
7.0
 40
7.0
 40
7.0
 40
8.0
 40
8.0
 40
8.0
 40
9.0
 40
9.0
 40
9.0
 40
10.0
 40
10.0
 40
10.0
 40
11.0
 40
11.0
 40
11.0
 40
12.0
 40
12.0
 40
12.0
 40
13.0
 40
13.0
 40
13.0
 40
14.0
 40
14.0
 40
14.0
 40
15.0
 40
15.0
 40
15.0
 40
15.0
 10
3.837276022223827
 20
3.796755433436778
 10
3.837276022223827
 20
3.796755433436778
 10
3.809599951455635
 20
3.796755433436778
 10
3.809599951455635
 20
3.796755433436778
 10
3.807606135036657
 20
3.796755433436778
 10
3.805992093173675
 20
3.79836947529976
 10
3.805992093173675
 20
3.800403981849737
 10
3.805992093173675
 20
3.802411361645715
 10
3.807606135036657
 20
3.804011840131697
 10
3.809599951455635
 20
3.804011840131697
 10
3.809599951455635
 20
3.804011840131697
 10
3.820281110843016
 20
3.804011840131697
 10
3.820281110843016
 20
3.804011840131697
 10
3.820281110843016
 20
3.804011840131697
 10
3.824648518236968
 20
3.839520761117302
 10
3.824648518236968
 20
3.839520761117302
 10
3.824648518236968
 20
3.839520761117302
 10
3.814679436142078
 20
3.837486254567325
 10
3.814679436142078
 20
3.837486254567325
 10
3.8127330915426
 20
3.837106480011329
 10
3.810786746943122
 20
3.838300057187316
 10
3.810406972387126
 20
3.840239620098294
 10
3.809979726011631
 20
3.842233436517272
 10
3.811213993318617
 20
3.844132309297251
 10
3.813207809737595
 20
3.844566337361246
 10
3.813207809737595
 20
3.844566337361246
 10
3.828113961060429
 20
3.847645223940212
 10
3.828113961060429
 20
3.847645223940212
 10
3.829253284728416
 20
3.847875801349209
 10
3.830440080215903
 20
3.847550280301213
 10
3.831294572966894
 20
3.846790731189222
 10
3.832196537537384
 20
3.84597692856923
 10
3.832623783912879
 20
3.844837604901243
 10
3.83248136845438
 20
3.843657591102256
 10
3.83248136845438
 20
3.843657591102256
 10
3.827639242865434
 20
3.804011840131697
 10
3.827639242865434
 20
3.804011840131697
 10
3.827639242865434
 20
3.804011840131697
 10
3.837276022223827
 20
3.804011840131697
 10
3.837276022223827
 20
3.804011840131697
 10
3.839269838642805
 20
3.804011840131697
 10
3.840931352325287
 20
3.802411361645715
 10
3.840931352325287
 20
3.800403981849737
 10
3.840931352325287
 20
3.79836947529976
 10
3.839269838642805
 20
3.796755433436778
 10
3.837276022223827
 20
3.796755433436778
 97
        0
 75
     2
 76
     1
 98
        0
  0
ENDBLK
  5
5F
330
5C
100
AcDbEntity
  8
0
100
AcDbBlockEnd
  0
BLOCK
  5
64
330
62
100
AcDbEntity
  8
0
100
AcDbBlockBegin
  2
block 5
 70
     0
 71
     0
 10
0.0
 20
0.0
 30
0.0
  3
block 5
  1

  0
SPLINE
  5
66
330
62
100
AcDbEntity
  8
Layer 3
370
     0
100
AcDbSpline
210
0.0
220
0.0
230
1.0
 70
    11
 71
     3
 72
    56
 73
    52
 74
     0
 42
0.0000000001
 43
0.0000000001
 40
0.0
 40
0.0
 40
0.0
 40
0.0
 40
1.0
 40
1.0
 40
1.0
 40
2.0
 40
2.0
 40
2.0
 40
3.0
 40
3.0
 40
3.0
 40
4.0
 40
4.0
 40
4.0
 40
5.0
 40
5.0
 40
5.0
 40
6.0
 40
6.0
 40
6.0
 40
7.0
 40
7.0
 40
7.0
 40
8.0
 40
8.0
 40
8.0
 40
9.0
 40
9.0
 40
9.0
 40
10.0
 40
10.0
 40
10.0
 40
11.0
 40
11.0
 40
11.0
 40
12.0
 40
12.0
 40
12.0
 40
13.0
 40
13.0
 40
13.0
 40
14.0
 40
14.0
 40
14.0
 40
15.0
 40
15.0
 40
15.0
 40
16.0
 40
16.0
 40
16.0
 40
17.0
 40
17.0
 40
17.0
 40
17.0
 10
3.940086419882684
 20
3.087865534539661
 30
0.0
 10
3.940086419882684
 20
3.085871718120683
 30
0.0
 10
3.938472378019702
 20
3.084257676257701
 30
0.0
 10
3.936478561600724
 20
3.084257676257701
 30
0.0
 10
3.934484745181746
 20
3.084257676257701
 30
0.0
 10
3.932870703318764
 20
3.085871718120683
 30
0.0
 10
3.932870703318764
 20
3.087865534539661
 30
0.0
 10
3.932870703318764
 20
3.087865534539661
 30
0.0
 10
3.932870703318764
 20
3.134008143093148
 30
0.0
 10
3.932870703318764
 20
3.134008143093148
 30
0.0
 10
3.932870703318764
 20
3.134008143093148
 30
0.0
 10
3.915211186464961
 20
3.107613811451441
 30
0.0
 10
3.915211186464961
 20
3.107613811451441
 30
0.0
 10
3.913787031879977
 20
3.105484361262465
 30
0.0
 10
3.910653891793011
 20
3.105484361262465
 30
0.0
 10
3.909229737208027
 20
3.107613811451441
 30
0.0
 10
3.909229737208027
 20
3.107613811451441
 30
0.0
 10
3.891570220354224
 20
3.134008143093148
 30
0.0
 10
3.891570220354224
 20
3.134008143093148
 30
0.0
 10
3.891570220354224
 20
3.134008143093148
 30
0.0
 10
3.891570220354224
 20
3.087865534539661
 30
0.0
 10
3.891570220354224
 20
3.087865534539661
 30
0.0
 10
3.891570220354224
 20
3.085871718120683
 30
0.0
 10
3.889956178491242
 20
3.084257676257701
 30
0.0
 10
3.887962362072264
 20
3.084257676257701
 30
0.0
 10
3.885968545653286
 20
3.084257676257701
 30
0.0
 10
3.884354503790304
 20
3.085871718120683
 30
0.0
 10
3.884354503790304
 20
3.087865534539661
 30
0.0
 10
3.884354503790304
 20
3.087865534539661
 30
0.0
 10
3.884307031970804
 20
3.145971041607015
 30
0.0
 10
3.884307031970804
 20
3.145971041607015
 30
0.0
 10
3.884307031970804
 20
3.147530829961998
 30
0.0
 10
3.885351411999793
 20
3.148968547923982
 30
0.0
 10
3.886870510223776
 20
3.149429702741977
 30
0.0
 10
3.888437080267258
 20
3.149917984313971
 30
0.0
 10
3.89005112213024
 20
3.149294068971978
 30
0.0
 10
3.89095308670073
 20
3.147964858025993
 30
0.0
 10
3.89095308670073
 20
3.147964858025993
 30
0.0
 10
3.912220461836494
 20
3.116118048830347
 30
0.0
 10
3.912220461836494
 20
3.116118048830347
 30
0.0
 10
3.912220461836494
 20
3.116118048830347
 30
0.0
 10
3.933487836972257
 20
3.147964858025993
 30
0.0
 10
3.933487836972257
 20
3.147964858025993
 30
0.0
 10
3.934389801542747
 20
3.149294068971978
 30
0.0
 10
3.936003843405729
 20
3.149917984313971
 30
0.0
 10
3.937570413449212
 20
3.149429702741977
 30
0.0
 10
3.939089511673195
 20
3.148968547923982
 30
0.0
 10
3.940133891702184
 20
3.147530829961998
 30
0.0
 10
3.940133891702184
 20
3.145971041607015
 30
0.0
 10
3.940133891702184
 20
3.145971041607015
 30
0.0
 10
3.940086419882684
 20
3.087865534539661
 30
0.0
 10
3.940086419882684
 20
3.087865534539661
 30
0.0
  0
HATCH
  5
67
330
62
100
AcDbEntity
  8
Layer 3
 62
     7
420
 16777215
100
AcDbHatch
 10
0.0
 20
0.0
 30
0.0
210
0.0
220
0.0
230
1.0
  2
SOLID
 70
     1
 71
     0
 91
        1
 92
        1
 93
        1
 72
     4
 94
        3
 73
     0
 74
     1
 95
       56
 96
       52
 40
0.0
 40
0.0
 40
0.0
 40
0.0
 40
1.0
 40
1.0
 40
1.0
 40
2.0
 40
2.0
 40
2.0
 40
3.0
 40
3.0
 40
3.0
 40
4.0
 40
4.0
 40
4.0
 40
5.0
 40
5.0
 40
5.0
 40
6.0
 40
6.0
 40
6.0
 40
7.0
 40
7.0
 40
7.0
 40
8.0
 40
8.0
 40
8.0
 40
9.0
 40
9.0
 40
9.0
 40
10.0
 40
10.0
 40
10.0
 40
11.0
 40
11.0
 40
11.0
 40
12.0
 40
12.0
 40
12.0
 40
13.0
 40
13.0
 40
13.0
 40
14.0
 40
14.0
 40
14.0
 40
15.0
 40
15.0
 40
15.0
 40
16.0
 40
16.0
 40
16.0
 40
17.0
 40
17.0
 40
17.0
 40
17.0
 10
3.940086419882684
 20
3.087865534539661
 10
3.940086419882684
 20
3.085871718120683
 10
3.938472378019702
 20
3.084257676257701
 10
3.936478561600724
 20
3.084257676257701
 10
3.934484745181746
 20
3.084257676257701
 10
3.932870703318764
 20
3.085871718120683
 10
3.932870703318764
 20
3.087865534539661
 10
3.932870703318764
 20
3.087865534539661
 10
3.932870703318764
 20
3.134008143093148
 10
3.932870703318764
 20
3.134008143093148
 10
3.932870703318764
 20
3.134008143093148
 10
3.915211186464961
 20
3.107613811451441
 10
3.915211186464961
 20
3.107613811451441
 10
3.913787031879977
 20
3.105484361262465
 10
3.910653891793011
 20
3.105484361262465
 10
3.909229737208027
 20
3.107613811451441
 10
3.909229737208027
 20
3.107613811451441
 10
3.891570220354224
 20
3.134008143093148
 10
3.891570220354224
 20
3.134008143093148
 10
3.891570220354224
 20
3.134008143093148
 10
3.891570220354224
 20
3.087865534539661
 10
3.891570220354224
 20
3.087865534539661
 10
3.891570220354224
 20
3.085871718120683
 10
3.889956178491242
 20
3.084257676257701
 10
3.887962362072264
 20
3.084257676257701
 10
3.885968545653286
 20
3.084257676257701
 10
3.884354503790304
 20
3.085871718120683
 10
3.884354503790304
 20
3.087865534539661
 10
3.884354503790304
 20
3.087865534539661
 10
3.884307031970804
 20
3.145971041607015
 10
3.884307031970804
 20
3.145971041607015
 10
3.884307031970804
 20
3.147530829961998
 10
3.885351411999793
 20
3.148968547923982
 10
3.886870510223776
 20
3.149429702741977
 10
3.888437080267258
 20
3.149917984313971
 10
3.89005112213024
 20
3.149294068971978
 10
3.89095308670073
 20
3.147964858025993
 10
3.89095308670073
 20
3.147964858025993
 10
3.912220461836494
 20
3.116118048830347
 10
3.912220461836494
 20
3.116118048830347
 10
3.912220461836494
 20
3.116118048830347
 10
3.933487836972257
 20
3.147964858025993
 10
3.933487836972257
 20
3.147964858025993
 10
3.934389801542747
 20
3.149294068971978
 10
3.936003843405729
 20
3.149917984313971
 10
3.937570413449212
 20
3.149429702741977
 10
3.939089511673195
 20
3.148968547923982
 10
3.940133891702184
 20
3.147530829961998
 10
3.940133891702184
 20
3.145971041607015
 10
3.940133891702184
 20
3.145971041607015
 10
3.940086419882684
 20
3.087865534539661
 10
3.940086419882684
 20
3.087865534539661
 97
        0
 75
     2
 76
     1
 98
        0
  0
SPLINE
  5
68
330
62
100
AcDbEntity
  8
Layer 3
370
     0
100
AcDbSpline
210
0.0
220
0.0
230
1.0
 70
    11
 71
     3
 72
    17
 73
    13
 74
     0
 42
0.0000000001
 43
0.0000000001
 40
0.0
 40
0.0
 40
0.0
 40
0.0
 40
1.0
 40
1.0
 40
1.0
 40
2.0
 40
2.0
 40
2.0
 40
3.0
 40
3.0
 40
3.0
 40
4.0
 40
4.0
 40
4.0
 40
4.0
 10
3.985991669338673
 20
3.083593070784709
 30
0.0
 10
3.96828468066537
 20
3.083593070784709
 30
0.0
 10
3.954945099386018
 20
3.098078757420548
 30
0.0
 10
3.954945099386018
 20
3.117338752760333
 30
0.0
 10
3.954945099386018
 20
3.136435987576121
 30
0.0
 10
3.967999849748373
 20
3.150297758869967
 30
0.0
 10
3.985991669338673
 20
3.150297758869967
 30
0.0
 10
4.003983488928974
 20
3.150297758869967
 30
0.0
 10
4.017038239291328
 20
3.136435987576121
 30
0.0
 10
4.017038239291328
 20
3.117338752760333
 30
0.0
 10
4.017038239291328
 20
3.098078757420548
 30
0.0
 10
4.003698658011976
 20
3.083593070784709
 30
0.0
 10
3.985991669338673
 20
3.083593070784709
 30
0.0
  0
SPLINE
  5
69
330
62
100
AcDbEntity
  8
Layer 3
370
     0
100
AcDbSpline
210
0.0
220
0.0
230
1.0
 70
    11
 71
     3
 72
    17
 73
    13
 74
     0
 42
0.0000000001
 43
0.0000000001
 40
0.0
 40
0.0
 40
0.0
 40
0.0
 40
1.0
 40
1.0
 40
1.0
 40
2.0
 40
2.0
 40
2.0
 40
3.0
 40
3.0
 40
3.0
 40
4.0
 40
4.0
 40
4.0
 40
4.0
 10
3.985991669338673
 20
3.143082042306047
 30
0.0
 10
3.971987482586329
 20
3.143082042306047
 30
0.0
 10
3.962160815949939
 20
3.132489044869165
 30
0.0
 10
3.962160815949939
 20
3.117338752760333
 30
0.0
 10
3.962160815949939
 20
3.101957883242505
 30
0.0
 10
3.972177369864327
 20
3.090808787348629
 30
0.0
 10
3.985991669338673
 20
3.090808787348629
 30
0.0
 10
3.99980596881302
 20
3.090808787348629
 30
0.0
 10
4.009775050907909
 20
3.101957883242505
 30
0.0
 10
4.009775050907909
 20
3.117338752760333
 30
0.0
 10
4.009775050907909
 20
3.132489044869165
 30
0.0
 10
3.999995856091018
 20
3.143082042306047
 30
0.0
 10
3.985991669338673
 20
3.143082042306047
 30
0.0
  0
HATCH
  5
6A
330
62
100
AcDbEntity
  8
Layer 3
 62
     7
420
 16777215
100
AcDbHatch
 10
0.0
 20
0.0
 30
0.0
210
0.0
220
0.0
230
1.0
  2
SOLID
 70
     1
 71
     0
 91
        2
 92
        1
 93
        1
 72
     4
 94
        3
 73
     0
 74
     1
 95
       17
 96
       13
 40
0.0
 40
0.0
 40
0.0
 40
0.0
 40
1.0
 40
1.0
 40
1.0
 40
2.0
 40
2.0
 40
2.0
 40
3.0
 40
3.0
 40
3.0
 40
4.0
 40
4.0
 40
4.0
 40
4.0
 10
3.985991669338673
 20
3.083593070784709
 10
3.96828468066537
 20
3.083593070784709
 10
3.954945099386018
 20
3.098078757420548
 10
3.954945099386018
 20
3.117338752760333
 10
3.954945099386018
 20
3.136435987576121
 10
3.967999849748373
 20
3.150297758869967
 10
3.985991669338673
 20
3.150297758869967
 10
4.003983488928974
 20
3.150297758869967
 10
4.017038239291328
 20
3.136435987576121
 10
4.017038239291328
 20
3.117338752760333
 10
4.017038239291328
 20
3.098078757420548
 10
4.003698658011976
 20
3.083593070784709
 10
3.985991669338673
 20
3.083593070784709
 97
        0
 92
        1
 93
        1
 72
     4
 94
        3
 73
     0
 74
     1
 95
       17
 96
       13
 40
0.0
 40
0.0
 40
0.0
 40
0.0
 40
1.0
 40
1.0
 40
1.0
 40
2.0
 40
2.0
 40
2.0
 40
3.0
 40
3.0
 40
3.0
 40
4.0
 40
4.0
 40
4.0
 40
4.0
 10
3.985991669338673
 20
3.143082042306047
 10
3.971987482586329
 20
3.143082042306047
 10
3.962160815949939
 20
3.132489044869165
 10
3.962160815949939
 20
3.117338752760333
 10
3.962160815949939
 20
3.101957883242505
 10
3.972177369864327
 20
3.090808787348629
 10
3.985991669338673
 20
3.090808787348629
 10
3.99980596881302
 20
3.090808787348629
 10
4.009775050907909
 20
3.101957883242505
 10
4.009775050907909
 20
3.117338752760333
 10
4.009775050907909
 20
3.132489044869165
 10
3.999995856091018
 20
3.143082042306047
 10
3.985991669338673
 20
3.143082042306047
 97
        0
 75
     2
 76
     1
 98
        0
  0
SPLINE
  5
6B
330
62
100
AcDbEntity
  8
Layer 3
370
     0
100
AcDbSpline
210
0.0
220
0.0
230
1.0
 70
    11
 71
     3
 72
    47
 73
    43
 74
     0
 42
0.0000000001
 43
0.0000000001
 40
0.0
 40
0.0
 40
0.0
 40
0.0
 40
1.0
 40
1.0
 40
1.0
 40
2.0
 40
2.0
 40
2.0
 40
3.0
 40
3.0
 40
3.0
 40
4.0
 40
4.0
 40
4.0
 40
5.0
 40
5.0
 40
5.0
 40
6.0
 40
6.0
 40
6.0
 40
7.0
 40
7.0
 40
7.0
 40
8.0
 40
8.0
 40
8.0
 40
9.0
 40
9.0
 40
9.0
 40
10.0
 40
10.0
 40
10.0
 40
11.0
 40
11.0
 40
11.0
 40
12.0
 40
12.0
 40
12.0
 40
13.0
 40
13.0
 40
13.0
 40
14.0
 40
14.0
 40
14.0
 40
14.0
 10
4.081504970171611
 20
3.087906224670661
 30
0.0
 10
4.081504970171611
 20
3.086346436315678
 30
0.0
 10
4.080508061962123
 20
3.084922281730694
 30
0.0
 10
4.079036435557638
 20
3.084447563535699
 30
0.0
 10
4.077564809153155
 20
3.083972845340704
 30
0.0
 10
4.075903295470673
 20
3.084488253666699
 30
0.0
 10
4.075001330900183
 20
3.085776774481684
 30
0.0
 10
4.075001330900183
 20
3.085776774481684
 30
0.0
 10
4.039112635358583
 20
3.134862635844138
 30
0.0
 10
4.039112635358583
 20
3.134862635844138
 30
0.0
 10
4.039112635358583
 20
3.134862635844138
 30
0.0
 10
4.039112635358583
 20
3.087906224670661
 30
0.0
 10
4.039112635358583
 20
3.087906224670661
 30
0.0
 10
4.039112635358583
 20
3.085925971628683
 30
0.0
 10
4.0374985934956
 20
3.084257676257701
 30
0.0
 10
4.035504777076623
 20
3.084257676257701
 30
0.0
 10
4.033510960657645
 20
3.084257676257701
 30
0.0
 10
4.031896918794663
 20
3.085925971628683
 30
0.0
 10
4.031896918794663
 20
3.087906224670661
 30
0.0
 10
4.031896918794663
 20
3.087906224670661
 30
0.0
 10
4.031896918794663
 20
3.145971041607015
 30
0.0
 10
4.031896918794663
 20
3.145971041607015
 30
0.0
 10
4.031896918794663
 20
3.147530829961998
 30
0.0
 10
4.032893827004152
 20
3.148860040907983
 30
0.0
 10
4.034412925228135
 20
3.149389012610977
 30
0.0
 10
4.035884551632619
 20
3.149863730805972
 30
0.0
 10
4.0374985934956
 20
3.149389012610977
 30
0.0
 10
4.03844802988559
 20
3.148100491795991
 30
0.0
 10
4.03844802988559
 20
3.148100491795991
 30
0.0
 10
4.074289253607692
 20
3.098973940302538
 30
0.0
 10
4.074289253607692
 20
3.098973940302538
 30
0.0
 10
4.074289253607692
 20
3.098973940302538
 30
0.0
 10
4.074289253607692
 20
3.145971041607015
 30
0.0
 10
4.074289253607692
 20
3.145971041607015
 30
0.0
 10
4.074289253607692
 20
3.147964858025993
 30
0.0
 10
4.075903295470673
 20
3.149578899888975
 30
0.0
 10
4.077897111889651
 20
3.149578899888975
 30
0.0
 10
4.079890928308629
 20
3.149578899888975
 30
0.0
 10
4.081504970171611
 20
3.147964858025993
 30
0.0
 10
4.081504970171611
 20
3.145971041607015
 30
0.0
 10
4.081504970171611
 20
3.145971041607015
 30
0.0
 10
4.081504970171611
 20
3.087906224670661
 30
0.0
 10
4.081504970171611
 20
3.087906224670661
 30
0.0
  0
HATCH
  5
6C
330
62
100
AcDbEntity
  8
Layer 3
 62
     7
420
 16777215
100
AcDbHatch
 10
0.0
 20
0.0
 30
0.0
210
0.0
220
0.0
230
1.0
  2
SOLID
 70
     1
 71
     0
 91
        1
 92
        1
 93
        1
 72
     4
 94
        3
 73
     0
 74
     1
 95
       47
 96
       43
 40
0.0
 40
0.0
 40
0.0
 40
0.0
 40
1.0
 40
1.0
 40
1.0
 40
2.0
 40
2.0
 40
2.0
 40
3.0
 40
3.0
 40
3.0
 40
4.0
 40
4.0
 40
4.0
 40
5.0
 40
5.0
 40
5.0
 40
6.0
 40
6.0
 40
6.0
 40
7.0
 40
7.0
 40
7.0
 40
8.0
 40
8.0
 40
8.0
 40
9.0
 40
9.0
 40
9.0
 40
10.0
 40
10.0
 40
10.0
 40
11.0
 40
11.0
 40
11.0
 40
12.0
 40
12.0
 40
12.0
 40
13.0
 40
13.0
 40
13.0
 40
14.0
 40
14.0
 40
14.0
 40
14.0
 10
4.081504970171611
 20
3.087906224670661
 10
4.081504970171611
 20
3.086346436315678
 10
4.080508061962123
 20
3.084922281730694
 10
4.079036435557638
 20
3.084447563535699
 10
4.077564809153155
 20
3.083972845340704
 10
4.075903295470673
 20
3.084488253666699
 10
4.075001330900183
 20
3.085776774481684
 10
4.075001330900183
 20
3.085776774481684
 10
4.039112635358583
 20
3.134862635844138
 10
4.039112635358583
 20
3.134862635844138
 10
4.039112635358583
 20
3.134862635844138
 10
4.039112635358583
 20
3.087906224670661
 10
4.039112635358583
 20
3.087906224670661
 10
4.039112635358583
 20
3.085925971628683
 10
4.0374985934956
 20
3.084257676257701
 10
4.035504777076623
 20
3.084257676257701
 10
4.033510960657645
 20
3.084257676257701
 10
4.031896918794663
 20
3.085925971628683
 10
4.031896918794663
 20
3.087906224670661
 10
4.031896918794663
 20
3.087906224670661
 10
4.031896918794663
 20
3.145971041607015
 10
4.031896918794663
 20
3.145971041607015
 10
4.031896918794663
 20
3.147530829961998
 10
4.032893827004152
 20
3.148860040907983
 10
4.034412925228135
 20
3.149389012610977
 10
4.035884551632619
 20
3.149863730805972
 10
4.0374985934956
 20
3.149389012610977
 10
4.03844802988559
 20
3.148100491795991
 10
4.03844802988559
 20
3.148100491795991
 10
4.074289253607692
 20
3.098973940302538
 10
4.074289253607692
 20
3.098973940302538
 10
4.074289253607692
 20
3.098973940302538
 10
4.074289253607692
 20
3.145971041607015
 10
4.074289253607692
 20
3.145971041607015
 10
4.074289253607692
 20
3.147964858025993
 10
4.075903295470673
 20
3.149578899888975
 10
4.077897111889651
 20
3.149578899888975
 10
4.079890928308629
 20
3.149578899888975
 10
4.081504970171611
 20
3.147964858025993
 10
4.081504970171611
 20
3.145971041607015
 10
4.081504970171611
 20
3.145971041607015
 10
4.081504970171611
 20
3.087906224670661
 10
4.081504970171611
 20
3.087906224670661
 97
        0
 75
     2
 76
     1
 98
        0
  0
SPLINE
  5
6D
330
62
100
AcDbEntity
  8
Layer 3
370
     0
100
AcDbSpline
210
0.0
220
0.0
230
1.0
 70
    11
 71
     3
 72
    17
 73
    13
 74
     0
 42
0.0000000001
 43
0.0000000001
 40
0.0
 40
0.0
 40
0.0
 40
0.0
 40
1.0
 40
1.0
 40
1.0
 40
2.0
 40
2.0
 40
2.0
 40
3.0
 40
3.0
 40
3.0
 40
4.0
 40
4.0
 40
4.0
 40
4.0
 10
4.127410219627601
 20
3.083593070784709
 30
0.0
 10
4.109703230954298
 20
3.083593070784709
 30
0.0
 10
4.096363649674946
 20
3.098078757420548
 30
0.0
 10
4.096363649674946
 20
3.117338752760333
 30
0.0
 10
4.096363649674946
 20
3.136435987576121
 30
0.0
 10
4.109418400037301
 20
3.150297758869967
 30
0.0
 10
4.127410219627601
 20
3.150297758869967
 30
0.0
 10
4.145402039217901
 20
3.150297758869967
 30
0.0
 10
4.158456789580256
 20
3.136435987576121
 30
0.0
 10
4.158456789580256
 20
3.117338752760333
 30
0.0
 10
4.158456789580256
 20
3.098078757420548
 30
0.0
 10
4.145117208300904
 20
3.083593070784709
 30
0.0
 10
4.127410219627601
 20
3.083593070784709
 30
0.0
  0
SPLINE
  5
6E
330
62
100
AcDbEntity
  8
Layer 3
370
     0
100
AcDbSpline
210
0.0
220
0.0
230
1.0
 70
    11
 71
     3
 72
    17
 73
    13
 74
     0
 42
0.0000000001
 43
0.0000000001
 40
0.0
 40
0.0
 40
0.0
 40
0.0
 40
1.0
 40
1.0
 40
1.0
 40
2.0
 40
2.0
 40
2.0
 40
3.0
 40
3.0
 40
3.0
 40
4.0
 40
4.0
 40
4.0
 40
4.0
 10
4.127410219627601
 20
3.143082042306047
 30
0.0
 10
4.113406032875257
 20
3.143082042306047
 30
0.0
 10
4.103579366238866
 20
3.132489044869165
 30
0.0
 10
4.103579366238866
 20
3.117338752760333
 30
0.0
 10
4.103579366238866
 20
3.101957883242505
 30
0.0
 10
4.113595920153254
 20
3.090808787348629
 30
0.0
 10
4.127410219627601
 20
3.090808787348629
 30
0.0
 10
4.141224519101947
 20
3.090808787348629
 30
0.0
 10
4.151193601196836
 20
3.101957883242505
 30
0.0
 10
4.151193601196836
 20
3.117338752760333
 30
0.0
 10
4.151193601196836
 20
3.132489044869165
 30
0.0
 10
4.141414406379945
 20
3.143082042306047
 30
0.0
 10
4.127410219627601
 20
3.143082042306047
 30
0.0
  0
HATCH
  5
6F
330
62
100
AcDbEntity
  8
Layer 3
 62
     7
420
 16777215
100
AcDbHatch
 10
0.0
 20
0.0
 30
0.0
210
0.0
220
0.0
230
1.0
  2
SOLID
 70
     1
 71
     0
 91
        2
 92
        1
 93
        1
 72
     4
 94
        3
 73
     0
 74
     1
 95
       17
 96
       13
 40
0.0
 40
0.0
 40
0.0
 40
0.0
 40
1.0
 40
1.0
 40
1.0
 40
2.0
 40
2.0
 40
2.0
 40
3.0
 40
3.0
 40
3.0
 40
4.0
 40
4.0
 40
4.0
 40
4.0
 10
4.127410219627601
 20
3.083593070784709
 10
4.109703230954298
 20
3.083593070784709
 10
4.096363649674946
 20
3.098078757420548
 10
4.096363649674946
 20
3.117338752760333
 10
4.096363649674946
 20
3.136435987576121
 10
4.109418400037301
 20
3.150297758869967
 10
4.127410219627601
 20
3.150297758869967
 10
4.145402039217901
 20
3.150297758869967
 10
4.158456789580256
 20
3.136435987576121
 10
4.158456789580256
 20
3.117338752760333
 10
4.158456789580256
 20
3.098078757420548
 10
4.145117208300904
 20
3.083593070784709
 10
4.127410219627601
 20
3.083593070784709
 97
        0
 92
        1
 93
        1
 72
     4
 94
        3
 73
     0
 74
     1
 95
       17
 96
       13
 40
0.0
 40
0.0
 40
0.0
 40
0.0
 40
1.0
 40
1.0
 40
1.0
 40
2.0
 40
2.0
 40
2.0
 40
3.0
 40
3.0
 40
3.0
 40
4.0
 40
4.0
 40
4.0
 40
4.0
 10
4.127410219627601
 20
3.143082042306047
 10
4.113406032875257
 20
3.143082042306047
 10
4.103579366238866
 20
3.132489044869165
 10
4.103579366238866
 20
3.117338752760333
 10
4.103579366238866
 20
3.101957883242505
 10
4.113595920153254
 20
3.090808787348629
 10
4.127410219627601
 20
3.090808787348629
 10
4.141224519101947
 20
3.090808787348629
 10
4.151193601196836
 20
3.101957883242505
 10
4.151193601196836
 20
3.117338752760333
 10
4.151193601196836
 20
3.132489044869165
 10
4.141414406379945
 20
3.143082042306047
 10
4.127410219627601
 20
3.143082042306047
 97
        0
 75
     2
 76
     1
 98
        0
  0
SPLINE
  5
70
330
62
100
AcDbEntity
  8
Layer 3
370
     0
100
AcDbSpline
210
0.0
220
0.0
230
1.0
 70
    11
 71
     3
 72
    56
 73
    52
 74
     0
 42
0.0000000001
 43
0.0000000001
 40
0.0
 40
0.0
 40
0.0
 40
0.0
 40
1.0
 40
1.0
 40
1.0
 40
2.0
 40
2.0
 40
2.0
 40
3.0
 40
3.0
 40
3.0
 40
4.0
 40
4.0
 40
4.0
 40
5.0
 40
5.0
 40
5.0
 40
6.0
 40
6.0
 40
6.0
 40
7.0
 40
7.0
 40
7.0
 40
8.0
 40
8.0
 40
8.0
 40
9.0
 40
9.0
 40
9.0
 40
10.0
 40
10.0
 40
10.0
 40
11.0
 40
11.0
 40
11.0
 40
12.0
 40
12.0
 40
12.0
 40
13.0
 40
13.0
 40
13.0
 40
14.0
 40
14.0
 40
14.0
 40
15.0
 40
15.0
 40
15.0
 40
16.0
 40
16.0
 40
16.0
 40
17.0
 40
17.0
 40
17.0
 40
17.0
 10
4.229047385175971
 20
3.087865534539661
 30
0.0
 10
4.229047385175971
 20
3.085871718120683
 30
0.0
 10
4.227433343312988
 20
3.084257676257701
 30
0.0
 10
4.225439526894011
 20
3.084257676257701
 30
0.0
 10
4.223445710475032
 20
3.084257676257701
 30
0.0
 10
4.221831668612051
 20
3.085871718120683
 30
0.0
 10
4.221831668612051
 20
3.087865534539661
 30
0.0
 10
4.221831668612051
 20
3.087865534539661
 30
0.0
 10
4.221831668612051
 20
3.134008143093148
 30
0.0
 10
4.221831668612051
 20
3.134008143093148
 30
0.0
 10
4.221831668612051
 20
3.134008143093148
 30
0.0
 10
4.204172151758248
 20
3.107613811451441
 30
0.0
 10
4.204172151758248
 20
3.107613811451441
 30
0.0
 10
4.202747997173263
 20
3.105484361262465
 30
0.0
 10
4.199614857086297
 20
3.105484361262465
 30
0.0
 10
4.198190702501313
 20
3.107613811451441
 30
0.0
 10
4.198190702501313
 20
3.107613811451441
 30
0.0
 10
4.18053118564751
 20
3.134008143093148
 30
0.0
 10
4.18053118564751
 20
3.134008143093148
 30
0.0
 10
4.18053118564751
 20
3.134008143093148
 30
0.0
 10
4.18053118564751
 20
3.087865534539661
 30
0.0
 10
4.18053118564751
 20
3.087865534539661
 30
0.0
 10
4.18053118564751
 20
3.085871718120683
 30
0.0
 10
4.178917143784528
 20
3.084257676257701
 30
0.0
 10
4.17692332736555
 20
3.084257676257701
 30
0.0
 10
4.174929510946573
 20
3.084257676257701
 30
0.0
 10
4.17331546908359
 20
3.085871718120683
 30
0.0
 10
4.17331546908359
 20
3.087865534539661
 30
0.0
 10
4.17331546908359
 20
3.087865534539661
 30
0.0
 10
4.173267997264091
 20
3.145971041607015
 30
0.0
 10
4.173267997264091
 20
3.145971041607015
 30
0.0
 10
4.173267997264091
 20
3.147530829961998
 30
0.0
 10
4.174312377293079
 20
3.148968547923982
 30
0.0
 10
4.175831475517063
 20
3.149429702741977
 30
0.0
 10
4.177398045560545
 20
3.149917984313971
 30
0.0
 10
4.179012087423527
 20
3.149294068971978
 30
0.0
 10
4.179914051994017
 20
3.147964858025993
 30
0.0
 10
4.179914051994017
 20
3.147964858025993
 30
0.0
 10
4.20118142712978
 20
3.116118048830347
 30
0.0
 10
4.20118142712978
 20
3.116118048830347
 30
0.0
 10
4.20118142712978
 20
3.116118048830347
 30
0.0
 10
4.222448802265544
 20
3.147964858025993
 30
0.0
 10
4.222448802265544
 20
3.147964858025993
 30
0.0
 10
4.223350766836034
 20
3.149294068971978
 30
0.0
 10
4.224964808699016
 20
3.149917984313971
 30
0.0
 10
4.226531378742498
 20
3.149429702741977
 30
0.0
 10
4.228050476966482
 20
3.148968547923982
 30
0.0
 10
4.22909485699547
 20
3.147530829961998
 30
0.0
 10
4.22909485699547
 20
3.145971041607015
 30
0.0
 10
4.22909485699547
 20
3.145971041607015
 30
0.0
 10
4.229047385175971
 20
3.087865534539661
 30
0.0
 10
4.229047385175971
 20
3.087865534539661
 30
0.0
  0
HATCH
  5
71
330
62
100
AcDbEntity
  8
Layer 3
 62
     7
420
 16777215
100
AcDbHatch
 10
0.0
 20
0.0
 30
0.0
210
0.0
220
0.0
230
1.0
  2
SOLID
 70
     1
 71
     0
 91
        1
 92
        1
 93
        1
 72
     4
 94
        3
 73
     0
 74
     1
 95
       56
 96
       52
 40
0.0
 40
0.0
 40
0.0
 40
0.0
 40
1.0
 40
1.0
 40
1.0
 40
2.0
 40
2.0
 40
2.0
 40
3.0
 40
3.0
 40
3.0
 40
4.0
 40
4.0
 40
4.0
 40
5.0
 40
5.0
 40
5.0
 40
6.0
 40
6.0
 40
6.0
 40
7.0
 40
7.0
 40
7.0
 40
8.0
 40
8.0
 40
8.0
 40
9.0
 40
9.0
 40
9.0
 40
10.0
 40
10.0
 40
10.0
 40
11.0
 40
11.0
 40
11.0
 40
12.0
 40
12.0
 40
12.0
 40
13.0
 40
13.0
 40
13.0
 40
14.0
 40
14.0
 40
14.0
 40
15.0
 40
15.0
 40
15.0
 40
16.0
 40
16.0
 40
16.0
 40
17.0
 40
17.0
 40
17.0
 40
17.0
 10
4.229047385175971
 20
3.087865534539661
 10
4.229047385175971
 20
3.085871718120683
 10
4.227433343312988
 20
3.084257676257701
 10
4.225439526894011
 20
3.084257676257701
 10
4.223445710475032
 20
3.084257676257701
 10
4.221831668612051
 20
3.085871718120683
 10
4.221831668612051
 20
3.087865534539661
 10
4.221831668612051
 20
3.087865534539661
 10
4.221831668612051
 20
3.134008143093148
 10
4.221831668612051
 20
3.134008143093148
 10
4.221831668612051
 20
3.134008143093148
 10
4.204172151758248
 20
3.107613811451441
 10
4.204172151758248
 20
3.107613811451441
 10
4.202747997173263
 20
3.105484361262465
 10
4.199614857086297
 20
3.105484361262465
 10
4.198190702501313
 20
3.107613811451441
 10
4.198190702501313
 20
3.107613811451441
 10
4.18053118564751
 20
3.134008143093148
 10
4.18053118564751
 20
3.134008143093148
 10
4.18053118564751
 20
3.134008143093148
 10
4.18053118564751
 20
3.087865534539661
 10
4.18053118564751
 20
3.087865534539661
 10
4.18053118564751
 20
3.085871718120683
 10
4.178917143784528
 20
3.084257676257701
 10
4.17692332736555
 20
3.084257676257701
 10
4.174929510946573
 20
3.084257676257701
 10
4.17331546908359
 20
3.085871718120683
 10
4.17331546908359
 20
3.087865534539661
 10
4.17331546908359
 20
3.087865534539661
 10
4.173267997264091
 20
3.145971041607015
 10
4.173267997264091
 20
3.145971041607015
 10
4.173267997264091
 20
3.147530829961998
 10
4.174312377293079
 20
3.148968547923982
 10
4.175831475517063
 20
3.149429702741977
 10
4.177398045560545
 20
3.149917984313971
 10
4.179012087423527
 20
3.149294068971978
 10
4.179914051994017
 20
3.147964858025993
 10
4.179914051994017
 20
3.147964858025993
 10
4.20118142712978
 20
3.116118048830347
 10
4.20118142712978
 20
3.116118048830347
 10
4.20118142712978
 20
3.116118048830347
 10
4.222448802265544
 20
3.147964858025993
 10
4.222448802265544
 20
3.147964858025993
 10
4.223350766836034
 20
3.149294068971978
 10
4.224964808699016
 20
3.149917984313971
 10
4.226531378742498
 20
3.149429702741977
 10
4.228050476966482
 20
3.148968547923982
 10
4.22909485699547
 20
3.147530829961998
 10
4.22909485699547
 20
3.145971041607015
 10
4.22909485699547
 20
3.145971041607015
 10
4.229047385175971
 20
3.087865534539661
 10
4.229047385175971
 20
3.087865534539661
 97
        0
 75
     2
 76
     1
 98
        0
  0
SPLINE
  5
72
330
62
100
AcDbEntity
  8
Layer 3
370
     0
100
AcDbSpline
210
0.0
220
0.0
230
1.0
 70
    11
 71
     3
 72
    56
 73
    52
 74
     0
 42
0.0000000001
 43
0.0000000001
 40
0.0
 40
0.0
 40
0.0
 40
0.0
 40
1.0
 40
1.0
 40
1.0
 40
2.0
 40
2.0
 40
2.0
 40
3.0
 40
3.0
 40
3.0
 40
4.0
 40
4.0
 40
4.0
 40
5.0
 40
5.0
 40
5.0
 40
6.0
 40
6.0
 40
6.0
 40
7.0
 40
7.0
 40
7.0
 40
8.0
 40
8.0
 40
8.0
 40
9.0
 40
9.0
 40
9.0
 40
10.0
 40
10.0
 40
10.0
 40
11.0
 40
11.0
 40
11.0
 40
12.0
 40
12.0
 40
12.0
 40
13.0
 40
13.0
 40
13.0
 40
14.0
 40
14.0
 40
14.0
 40
15.0
 40
15.0
 40
15.0
 40
16.0
 40
16.0
 40
16.0
 40
17.0
 40
17.0
 40
17.0
 40
17.0
 10
4.282405710293377
 20
3.142322493194055
 30
0.0
 10
4.282405710293377
 20
3.142322493194055
 30
0.0
 10
4.254966998622682
 20
3.142322493194055
 30
0.0
 10
4.254966998622682
 20
3.142322493194055
 30
0.0
 10
4.254966998622682
 20
3.142322493194055
 30
0.0
 10
4.254966998622682
 20
3.1203362590773
 30
0.0
 10
4.254966998622682
 20
3.1203362590773
 30
0.0
 10
4.254966998622682
 20
3.1203362590773
 30
0.0
 10
4.278268880308423
 20
3.1203362590773
 30
0.0
 10
4.278268880308423
 20
3.1203362590773
 30
0.0
 10
4.280276260104401
 20
3.1203362590773
 30
0.0
 10
4.281930992098382
 20
3.118722217214318
 30
0.0
 10
4.281930992098382
 20
3.11672840079534
 30
0.0
 10
4.281930992098382
 20
3.114734584376362
 30
0.0
 10
4.280276260104401
 20
3.11312054251338
 30
0.0
 10
4.278268880308423
 20
3.11312054251338
 30
0.0
 10
4.278268880308423
 20
3.11312054251338
 30
0.0
 10
4.254966998622682
 20
3.11312054251338
 30
0.0
 10
4.254966998622682
 20
3.11312054251338
 30
0.0
 10
4.254966998622682
 20
3.11312054251338
 30
0.0
 10
4.254966998622682
 20
3.091473392821621
 30
0.0
 10
4.254966998622682
 20
3.091473392821621
 30
0.0
 10
4.254966998622682
 20
3.091473392821621
 30
0.0
 10
4.281686851312385
 20
3.091473392821621
 30
0.0
 10
4.281686851312385
 20
3.091473392821621
 30
0.0
 10
4.283694231108362
 20
3.091473392821621
 30
0.0
 10
4.285294709594345
 20
3.089859350958639
 30
0.0
 10
4.285294709594345
 20
3.087865534539661
 30
0.0
 10
4.285294709594345
 20
3.085871718120683
 30
0.0
 10
4.283694231108362
 20
3.084257676257701
 30
0.0
 10
4.281686851312385
 20
3.084257676257701
 30
0.0
 10
4.281686851312385
 20
3.084257676257701
 30
0.0
 10
4.251359140340722
 20
3.084257676257701
 30
0.0
 10
4.251359140340722
 20
3.084257676257701
 30
0.0
 10
4.249365323921745
 20
3.084257676257701
 30
0.0
 10
4.247751282058762
 20
3.085871718120683
 30
0.0
 10
4.247751282058762
 20
3.087865534539661
 30
0.0
 10
4.247751282058762
 20
3.087865534539661
 30
0.0
 10
4.247751282058762
 20
3.145971041607015
 30
0.0
 10
4.247751282058762
 20
3.145971041607015
 30
0.0
 10
4.247751282058762
 20
3.147964858025993
 30
0.0
 10
4.249365323921745
 20
3.149578899888975
 30
0.0
 10
4.251359140340722
 20
3.149578899888975
 30
0.0
 10
4.251359140340722
 20
3.149578899888975
 30
0.0
 10
4.282405710293377
 20
3.149578899888975
 30
0.0
 10
4.282405710293377
 20
3.149578899888975
 30
0.0
 10
4.284399526712355
 20
3.149578899888975
 30
0.0
 10
4.286054258706336
 20
3.147964858025993
 30
0.0
 10
4.286054258706336
 20
3.145971041607015
 30
0.0
 10
4.286054258706336
 20
3.143977225188037
 30
0.0
 10
4.284399526712355
 20
3.142322493194055
 30
0.0
 10
4.282405710293377
 20
3.142322493194055
 30
0.0
  0
HATCH
  5
73
330
62
100
AcDbEntity
  8
Layer 3
 62
     7
420
 16777215
100
AcDbHatch
 10
0.0
 20
0.0
 30
0.0
210
0.0
220
0.0
230
1.0
  2
SOLID
 70
     1
 71
     0
 91
        1
 92
        1
 93
        1
 72
     4
 94
        3
 73
     0
 74
     1
 95
       56
 96
       52
 40
0.0
 40
0.0
 40
0.0
 40
0.0
 40
1.0
 40
1.0
 40
1.0
 40
2.0
 40
2.0
 40
2.0
 40
3.0
 40
3.0
 40
3.0
 40
4.0
 40
4.0
 40
4.0
 40
5.0
 40
5.0
 40
5.0
 40
6.0
 40
6.0
 40
6.0
 40
7.0
 40
7.0
 40
7.0
 40
8.0
 40
8.0
 40
8.0
 40
9.0
 40
9.0
 40
9.0
 40
10.0
 40
10.0
 40
10.0
 40
11.0
 40
11.0
 40
11.0
 40
12.0
 40
12.0
 40
12.0
 40
13.0
 40
13.0
 40
13.0
 40
14.0
 40
14.0
 40
14.0
 40
15.0
 40
15.0
 40
15.0
 40
16.0
 40
16.0
 40
16.0
 40
17.0
 40
17.0
 40
17.0
 40
17.0
 10
4.282405710293377
 20
3.142322493194055
 10
4.282405710293377
 20
3.142322493194055
 10
4.254966998622682
 20
3.142322493194055
 10
4.254966998622682
 20
3.142322493194055
 10
4.254966998622682
 20
3.142322493194055
 10
4.254966998622682
 20
3.1203362590773
 10
4.254966998622682
 20
3.1203362590773
 10
4.254966998622682
 20
3.1203362590773
 10
4.278268880308423
 20
3.1203362590773
 10
4.278268880308423
 20
3.1203362590773
 10
4.280276260104401
 20
3.1203362590773
 10
4.281930992098382
 20
3.118722217214318
 10
4.281930992098382
 20
3.11672840079534
 10
4.281930992098382
 20
3.114734584376362
 10
4.280276260104401
 20
3.11312054251338
 10
4.278268880308423
 20
3.11312054251338
 10
4.278268880308423
 20
3.11312054251338
 10
4.254966998622682
 20
3.11312054251338
 10
4.254966998622682
 20
3.11312054251338
 10
4.254966998622682
 20
3.11312054251338
 10
4.254966998622682
 20
3.091473392821621
 10
4.254966998622682
 20
3.091473392821621
 10
4.254966998622682
 20
3.091473392821621
 10
4.281686851312385
 20
3.091473392821621
 10
4.281686851312385
 20
3.091473392821621
 10
4.283694231108362
 20
3.091473392821621
 10
4.285294709594345
 20
3.089859350958639
 10
4.285294709594345
 20
3.087865534539661
 10
4.285294709594345
 20
3.085871718120683
 10
4.283694231108362
 20
3.084257676257701
 10
4.281686851312385
 20
3.084257676257701
 10
4.281686851312385
 20
3.084257676257701
 10
4.251359140340722
 20
3.084257676257701
 10
4.251359140340722
 20
3.084257676257701
 10
4.249365323921745
 20
3.084257676257701
 10
4.247751282058762
 20
3.085871718120683
 10
4.247751282058762
 20
3.087865534539661
 10
4.247751282058762
 20
3.087865534539661
 10
4.247751282058762
 20
3.145971041607015
 10
4.247751282058762
 20
3.145971041607015
 10
4.247751282058762
 20
3.147964858025993
 10
4.249365323921745
 20
3.149578899888975
 10
4.251359140340722
 20
3.149578899888975
 10
4.251359140340722
 20
3.149578899888975
 10
4.282405710293377
 20
3.149578899888975
 10
4.282405710293377
 20
3.149578899888975
 10
4.284399526712355
 20
3.149578899888975
 10
4.286054258706336
 20
3.147964858025993
 10
4.286054258706336
 20
3.145971041607015
 10
4.286054258706336
 20
3.143977225188037
 10
4.284399526712355
 20
3.142322493194055
 10
4.282405710293377
 20
3.142322493194055
 97
        0
 75
     2
 76
     1
 98
        0
  0
ENDBLK
  5
65
330
62
100
AcDbEntity
  8
0
100
AcDbBlockEnd
  0
BLOCK
  5
76
330
74
100
AcDbEntity
  8
0
100
AcDbBlockBegin
  2
block 6
 70
     0
 71
     0
 10
0.0
 20
0.0
 30
0.0
  3
block 6
  1

  0
SPLINE
  5
78
330
74
100
AcDbEntity
  8
Layer 3
370
     0
100
AcDbSpline
210
0.0
220
0.0
230
1.0
 70
    11
 71
     3
 72
    50
 73
    46
 74
     0
 42
0.0000000001
 43
0.0000000001
 40
0.0
 40
0.0
 40
0.0
 40
0.0
 40
1.0
 40
1.0
 40
1.0
 40
2.0
 40
2.0
 40
2.0
 40
3.0
 40
3.0
 40
3.0
 40
4.0
 40
4.0
 40
4.0
 40
5.0
 40
5.0
 40
5.0
 40
6.0
 40
6.0
 40
6.0
 40
7.0
 40
7.0
 40
7.0
 40
8.0
 40
8.0
 40
8.0
 40
9.0
 40
9.0
 40
9.0
 40
10.0
 40
10.0
 40
10.0
 40
11.0
 40
11.0
 40
11.0
 40
12.0
 40
12.0
 40
12.0
 40
13.0
 40
13.0
 40
13.0
 40
14.0
 40
14.0
 40
14.0
 40
15.0
 40
15.0
 40
15.0
 40
15.0
 10
4.599775168712847
 20
6.896753408702804
 30
0.0
 10
4.599775168712847
 20
6.896753408702804
 30
0.0
 10
4.572105879633155
 20
6.896753408702804
 30
0.0
 10
4.572105879633155
 20
6.896753408702804
 30
0.0
 10
4.570098499837178
 20
6.896753408702804
 30
0.0
 10
4.568498021351195
 20
6.898367450565786
 30
0.0
 10
4.568498021351195
 20
6.900408738804264
 30
0.0
 10
4.568498021351195
 20
6.902402555223241
 30
0.0
 10
4.570098499837178
 20
6.904016597086224
 30
0.0
 10
4.572105879633155
 20
6.904016597086224
 30
0.0
 10
4.572105879633155
 20
6.904016597086224
 30
0.0
 10
4.582780257332037
 20
6.904016597086224
 30
0.0
 10
4.582780257332037
 20
6.904016597086224
 30
0.0
 10
4.582780257332037
 20
6.904016597086224
 30
0.0
 10
4.587147664725988
 20
6.939525518071829
 30
0.0
 10
4.587147664725988
 20
6.939525518071829
 30
0.0
 10
4.587147664725988
 20
6.939525518071829
 30
0.0
 10
4.577178582631099
 20
6.937484229833351
 30
0.0
 10
4.577178582631099
 20
6.937484229833351
 30
0.0
 10
4.575225456343121
 20
6.937104455277355
 30
0.0
 10
4.573285893432143
 20
6.938291250764842
 30
0.0
 10
4.572906118876147
 20
6.94023759536432
 30
0.0
 10
4.572485654189151
 20
6.942231411783299
 30
0.0
 10
4.573706358119138
 20
6.944130284563277
 30
0.0
 10
4.575713737915115
 20
6.944557530938773
 30
0.0
 10
4.575713737915115
 20
6.944557530938773
 30
0.0
 10
4.59060632586095
 20
6.947643199206238
 30
0.0
 10
4.59060632586095
 20
6.947643199206238
 30
0.0
 10
4.591745649528937
 20
6.947880558303735
 30
0.0
 10
4.592939226704924
 20
6.947548255567239
 30
0.0
 10
4.593793719455914
 20
6.946788706455248
 30
0.0
 10
4.594702465714904
 20
6.945981685523757
 30
0.0
 10
4.595122930401899
 20
6.944842361855769
 30
0.0
 10
4.594973733254901
 20
6.943655566368283
 30
0.0
 10
4.594973733254901
 20
6.943655566368283
 30
0.0
 10
4.590145171042955
 20
6.904016597086224
 30
0.0
 10
4.590145171042955
 20
6.904016597086224
 30
0.0
 10
4.590145171042955
 20
6.904016597086224
 30
0.0
 10
4.599775168712847
 20
6.904016597086224
 30
0.0
 10
4.599775168712847
 20
6.904016597086224
 30
0.0
 10
4.601768985131826
 20
6.904016597086224
 30
0.0
 10
4.603437280502807
 20
6.902402555223241
 30
0.0
 10
4.603437280502807
 20
6.900408738804264
 30
0.0
 10
4.603437280502807
 20
6.898367450565786
 30
0.0
 10
4.601768985131826
 20
6.896753408702804
 30
0.0
 10
4.599775168712847
 20
6.896753408702804
 30
0.0
  0
HATCH
  5
79
330
74
100
AcDbEntity
  8
Layer 3
 62
     7
420
 16777215
100
AcDbHatch
 10
0.0
 20
0.0
 30
0.0
210
0.0
220
0.0
230
1.0
  2
SOLID
 70
     1
 71
     0
 91
        1
 92
        1
 93
        1
 72
     4
 94
        3
 73
     0
 74
     1
 95
       50
 96
       46
 40
0.0
 40
0.0
 40
0.0
 40
0.0
 40
1.0
 40
1.0
 40
1.0
 40
2.0
 40
2.0
 40
2.0
 40
3.0
 40
3.0
 40
3.0
 40
4.0
 40
4.0
 40
4.0
 40
5.0
 40
5.0
 40
5.0
 40
6.0
 40
6.0
 40
6.0
 40
7.0
 40
7.0
 40
7.0
 40
8.0
 40
8.0
 40
8.0
 40
9.0
 40
9.0
 40
9.0
 40
10.0
 40
10.0
 40
10.0
 40
11.0
 40
11.0
 40
11.0
 40
12.0
 40
12.0
 40
12.0
 40
13.0
 40
13.0
 40
13.0
 40
14.0
 40
14.0
 40
14.0
 40
15.0
 40
15.0
 40
15.0
 40
15.0
 10
4.599775168712847
 20
6.896753408702804
 10
4.599775168712847
 20
6.896753408702804
 10
4.572105879633155
 20
6.896753408702804
 10
4.572105879633155
 20
6.896753408702804
 10
4.570098499837178
 20
6.896753408702804
 10
4.568498021351195
 20
6.898367450565786
 10
4.568498021351195
 20
6.900408738804264
 10
4.568498021351195
 20
6.902402555223241
 10
4.570098499837178
 20
6.904016597086224
 10
4.572105879633155
 20
6.904016597086224
 10
4.572105879633155
 20
6.904016597086224
 10
4.582780257332037
 20
6.904016597086224
 10
4.582780257332037
 20
6.904016597086224
 10
4.582780257332037
 20
6.904016597086224
 10
4.587147664725988
 20
6.939525518071829
 10
4.587147664725988
 20
6.939525518071829
 10
4.587147664725988
 20
6.939525518071829
 10
4.577178582631099
 20
6.937484229833351
 10
4.577178582631099
 20
6.937484229833351
 10
4.575225456343121
 20
6.937104455277355
 10
4.573285893432143
 20
6.938291250764842
 10
4.572906118876147
 20
6.94023759536432
 10
4.572485654189151
 20
6.942231411783299
 10
4.573706358119138
 20
6.944130284563277
 10
4.575713737915115
 20
6.944557530938773
 10
4.575713737915115
 20
6.944557530938773
 10
4.59060632586095
 20
6.947643199206238
 10
4.59060632586095
 20
6.947643199206238
 10
4.591745649528937
 20
6.947880558303735
 10
4.592939226704924
 20
6.947548255567239
 10
4.593793719455914
 20
6.946788706455248
 10
4.594702465714904
 20
6.945981685523757
 10
4.595122930401899
 20
6.944842361855769
 10
4.594973733254901
 20
6.943655566368283
 10
4.594973733254901
 20
6.943655566368283
 10
4.590145171042955
 20
6.904016597086224
 10
4.590145171042955
 20
6.904016597086224
 10
4.590145171042955
 20
6.904016597086224
 10
4.599775168712847
 20
6.904016597086224
 10
4.599775168712847
 20
6.904016597086224
 10
4.601768985131826
 20
6.904016597086224
 10
4.603437280502807
 20
6.902402555223241
 10
4.603437280502807
 20
6.900408738804264
 10
4.603437280502807
 20
6.898367450565786
 10
4.601768985131826
 20
6.896753408702804
 10
4.599775168712847
 20
6.896753408702804
 97
        0
 75
     2
 76
     1
 98
        0
  0
ENDBLK
  5
77
330
74
100
AcDbEntity
  8
0
100
AcDbBlockEnd
  0
BLOCK
  5
7C
330
7A
100
AcDbEntity
  8
0
100
AcDbBlockBegin
  2
block 7
 70
     0
 71
     0
 10
0.0
 20
0.0
 30
0.0
  3
block 7
  1

  0
SPLINE
  5
7E
330
7A
100
AcDbEntity
  8
Layer 3
370
     0
100
AcDbSpline
210
0.0
220
0.0
230
1.0
 70
    11
 71
     3
 72
    56
 73
    52
 74
     0
 42
0.0000000001
 43
0.0000000001
 40
0.0
 40
0.0
 40
0.0
 40
0.0
 40
1.0
 40
1.0
 40
1.0
 40
2.0
 40
2.0
 40
2.0
 40
3.0
 40
3.0
 40
3.0
 40
4.0
 40
4.0
 40
4.0
 40
5.0
 40
5.0
 40
5.0
 40
6.0
 40
6.0
 40
6.0
 40
7.0
 40
7.0
 40
7.0
 40
8.0
 40
8.0
 40
8.0
 40
9.0
 40
9.0
 40
9.0
 40
10.0
 40
10.0
 40
10.0
 40
11.0
 40
11.0
 40
11.0
 40
12.0
 40
12.0
 40
12.0
 40
13.0
 40
13.0
 40
13.0
 40
14.0
 40
14.0
 40
14.0
 40
15.0
 40
15.0
 40
15.0
 40
16.0
 40
16.0
 40
16.0
 40
17.0
 40
17.0
 40
17.0
 40
17.0
 10
3.566720559519336
 20
6.693743563457562
 30
0.0
 10
3.564197771397364
 20
6.69298401434557
 30
0.0
 10
3.561349462227396
 20
6.69208204977508
 30
0.0
 10
3.55827057564843
 20
6.690752838829095
 30
0.0
 10
3.552479013669494
 20
6.688236832395622
 30
0.0
 10
3.550390253611518
 20
6.683821953182172
 30
0.0
 10
3.549386563713529
 20
6.678979827593226
 30
0.0
 10
3.549386563713529
 20
6.678979827593226
 30
0.0
 10
3.573271670610263
 20
6.678979827593226
 30
0.0
 10
3.573271670610263
 20
6.678979827593226
 30
0.0
 10
3.575265487029241
 20
6.678979827593226
 30
0.0
 10
3.576879528892223
 20
6.677365785730244
 30
0.0
 10
3.576879528892223
 20
6.675371969311266
 30
0.0
 10
3.576879528892223
 20
6.673378152892288
 30
0.0
 10
3.575265487029241
 20
6.671764111029306
 30
0.0
 10
3.573271670610263
 20
6.671764111029306
 30
0.0
 10
3.573271670610263
 20
6.671764111029306
 30
0.0
 10
3.545168353466575
 20
6.671764111029306
 30
0.0
 10
3.545168353466575
 20
6.671764111029306
 30
0.0
 10
3.5430389032776
 20
6.671764111029306
 30
0.0
 10
3.541370607906618
 20
6.673662983809285
 30
0.0
 10
3.541601185315615
 20
6.675799215686761
 30
0.0
 10
3.542279354165608
 20
6.681163531290202
 30
0.0
 10
3.543608565111593
 20
6.692319408872577
 30
0.0
 10
3.555381576347462
 20
6.697398893559021
 30
0.0
 10
3.558840237482424
 20
6.698917991783004
 30
0.0
 10
3.561919124061389
 20
6.699867428172993
 30
0.0
 10
3.56457754595336
 20
6.700674449104485
 30
0.0
 10
3.571332107699285
 20
6.702763209162462
 30
0.0
 10
3.573122473463265
 20
6.703475286454953
 30
0.0
 10
3.573651445166259
 20
6.707937637487904
 30
0.0
 10
3.57441099427825
 20
6.714156445842335
 30
0.0
 10
3.568049770465321
 20
6.716292677719811
 30
0.0
 10
3.562922813959378
 20
6.716292677719811
 30
0.0
 10
3.558935181121423
 20
6.716292677719811
 30
0.0
 10
3.553333506420485
 20
6.715058410412825
 30
0.0
 10
3.551204056231509
 20
6.714393804939832
 30
0.0
 10
3.54925092994353
 20
6.713776671286339
 30
0.0
 10
3.547257113524553
 20
6.714868523134827
 30
0.0
 10
3.546646761559559
 20
6.716767395914806
 30
0.0
 10
3.546077099725566
 20
6.718666268694784
 30
0.0
 10
3.547107916377554
 20
6.720707556933262
 30
0.0
 10
3.549061042665532
 20
6.721324690586755
 30
0.0
 10
3.5520042954745
 20
6.722226655157245
 30
0.0
 10
3.55827057564843
 20
6.723508394283731
 30
0.0
 10
3.562922813959378
 20
6.723508394283731
 30
0.0
 10
3.57266131864527
 20
6.723508394283731
 30
0.0
 10
3.582196372676164
 20
6.717859247763293
 30
0.0
 10
3.580867161730179
 20
6.707083144736913
 30
0.0
 10
3.579727838062191
 20
6.697731196295517
 30
0.0
 10
3.573420867757262
 20
6.695784851696039
 30
0.0
 10
3.566720559519336
 20
6.693743563457562
 30
0.0
  0
HATCH
  5
7F
330
7A
100
AcDbEntity
  8
Layer 3
 62
     7
420
 16777215
100
AcDbHatch
 10
0.0
 20
0.0
 30
0.0
210
0.0
220
0.0
230
1.0
  2
SOLID
 70
     1
 71
     0
 91
        1
 92
        1
 93
        1
 72
     4
 94
        3
 73
     0
 74
     1
 95
       56
 96
       52
 40
0.0
 40
0.0
 40
0.0
 40
0.0
 40
1.0
 40
1.0
 40
1.0
 40
2.0
 40
2.0
 40
2.0
 40
3.0
 40
3.0
 40
3.0
 40
4.0
 40
4.0
 40
4.0
 40
5.0
 40
5.0
 40
5.0
 40
6.0
 40
6.0
 40
6.0
 40
7.0
 40
7.0
 40
7.0
 40
8.0
 40
8.0
 40
8.0
 40
9.0
 40
9.0
 40
9.0
 40
10.0
 40
10.0
 40
10.0
 40
11.0
 40
11.0
 40
11.0
 40
12.0
 40
12.0
 40
12.0
 40
13.0
 40
13.0
 40
13.0
 40
14.0
 40
14.0
 40
14.0
 40
15.0
 40
15.0
 40
15.0
 40
16.0
 40
16.0
 40
16.0
 40
17.0
 40
17.0
 40
17.0
 40
17.0
 10
3.566720559519336
 20
6.693743563457562
 10
3.564197771397364
 20
6.69298401434557
 10
3.561349462227396
 20
6.69208204977508
 10
3.55827057564843
 20
6.690752838829095
 10
3.552479013669494
 20
6.688236832395622
 10
3.550390253611518
 20
6.683821953182172
 10
3.549386563713529
 20
6.678979827593226
 10
3.549386563713529
 20
6.678979827593226
 10
3.573271670610263
 20
6.678979827593226
 10
3.573271670610263
 20
6.678979827593226
 10
3.575265487029241
 20
6.678979827593226
 10
3.576879528892223
 20
6.677365785730244
 10
3.576879528892223
 20
6.675371969311266
 10
3.576879528892223
 20
6.673378152892288
 10
3.575265487029241
 20
6.671764111029306
 10
3.573271670610263
 20
6.671764111029306
 10
3.573271670610263
 20
6.671764111029306
 10
3.545168353466575
 20
6.671764111029306
 10
3.545168353466575
 20
6.671764111029306
 10
3.5430389032776
 20
6.671764111029306
 10
3.541370607906618
 20
6.673662983809285
 10
3.541601185315615
 20
6.675799215686761
 10
3.542279354165608
 20
6.681163531290202
 10
3.543608565111593
 20
6.692319408872577
 10
3.555381576347462
 20
6.697398893559021
 10
3.558840237482424
 20
6.698917991783004
 10
3.561919124061389
 20
6.699867428172993
 10
3.56457754595336
 20
6.700674449104485
 10
3.571332107699285
 20
6.702763209162462
 10
3.573122473463265
 20
6.703475286454953
 10
3.573651445166259
 20
6.707937637487904
 10
3.57441099427825
 20
6.714156445842335
 10
3.568049770465321
 20
6.716292677719811
 10
3.562922813959378
 20
6.716292677719811
 10
3.558935181121423
 20
6.716292677719811
 10
3.553333506420485
 20
6.715058410412825
 10
3.551204056231509
 20
6.714393804939832
 10
3.54925092994353
 20
6.713776671286339
 10
3.547257113524553
 20
6.714868523134827
 10
3.546646761559559
 20
6.716767395914806
 10
3.546077099725566
 20
6.718666268694784
 10
3.547107916377554
 20
6.720707556933262
 10
3.549061042665532
 20
6.721324690586755
 10
3.5520042954745
 20
6.722226655157245
 10
3.55827057564843
 20
6.723508394283731
 10
3.562922813959378
 20
6.723508394283731
 10
3.57266131864527
 20
6.723508394283731
 10
3.582196372676164
 20
6.717859247763293
 10
3.580867161730179
 20
6.707083144736913
 10
3.579727838062191
 20
6.697731196295517
 10
3.573420867757262
 20
6.695784851696039
 10
3.566720559519336
 20
6.693743563457562
 97
        0
 75
     2
 76
     1
 98
        0
  0
ENDBLK
  5
7D
330
7A
100
AcDbEntity
  8
0
100
AcDbBlockEnd
  0
BLOCK
  5
82
330
80
100
AcDbEntity
  8
0
100
AcDbBlockBegin
  2
block 8
 70
     0
 71
     0
 10
0.0
 20
0.0
 30
0.0
  3
block 8
  1

  0
SPLINE
  5
84
330
80
100
AcDbEntity
  8
Layer 3
370
     0
100
AcDbSpline
210
0.0
220
0.0
230
1.0
 70
    11
 71
     3
 72
    50
 73
    46
 74
     0
 42
0.0000000001
 43
0.0000000001
 40
0.0
 40
0.0
 40
0.0
 40
0.0
 40
1.0
 40
1.0
 40
1.0
 40
2.0
 40
2.0
 40
2.0
 40
3.0
 40
3.0
 40
3.0
 40
4.0
 40
4.0
 40
4.0
 40
5.0
 40
5.0
 40
5.0
 40
6.0
 40
6.0
 40
6.0
 40
7.0
 40
7.0
 40
7.0
 40
8.0
 40
8.0
 40
8.0
 40
9.0
 40
9.0
 40
9.0
 40
10.0
 40
10.0
 40
10.0
 40
11.0
 40
11.0
 40
11.0
 40
12.0
 40
12.0
 40
12.0
 40
13.0
 40
13.0
 40
13.0
 40
14.0
 40
14.0
 40
14.0
 40
15.0
 40
15.0
 40
15.0
 40
15.0
 10
3.577340683710218
 20
7.171778004128746
 30
0.0
 10
3.577340683710218
 20
7.171778004128746
 30
0.0
 10
3.545249733728575
 20
7.171778004128746
 30
0.0
 10
3.545249733728575
 20
7.171778004128746
 30
0.0
 10
3.543255917309597
 20
7.171778004128746
 30
0.0
 10
3.541641875446615
 20
7.173392045991728
 30
0.0
 10
3.541641875446615
 20
7.175385862410706
 30
0.0
 10
3.541641875446615
 20
7.177379678829683
 30
0.0
 10
3.543255917309597
 20
7.178993720692666
 30
0.0
 10
3.545249733728575
 20
7.178993720692666
 30
0.0
 10
3.545249733728575
 20
7.178993720692666
 30
0.0
 10
3.558311265779429
 20
7.178993720692666
 30
0.0
 10
3.558311265779429
 20
7.178993720692666
 30
0.0
 10
3.558311265779429
 20
7.178993720692666
 30
0.0
 10
3.563573856055371
 20
7.222003189159187
 30
0.0
 10
3.563573856055371
 20
7.222003189159187
 30
0.0
 10
3.563573856055371
 20
7.222003189159187
 30
0.0
 10
3.551285436493508
 20
7.220056844559709
 30
0.0
 10
3.551285436493508
 20
7.220056844559709
 30
0.0
 10
3.54927805669753
 20
7.219724541823212
 30
0.0
 10
3.54748769093355
 20
7.221101224588697
 30
0.0
 10
3.547148606508554
 20
7.223095041007675
 30
0.0
 10
3.546863775591557
 20
7.225041385607153
 30
0.0
 10
3.548192986537542
 20
7.226940258387132
 30
0.0
 10
3.55014611282552
 20
7.227225089304129
 30
0.0
 10
3.55014611282552
 20
7.227225089304129
 30
0.0
 10
3.567181714337331
 20
7.2298835111961
 30
0.0
 10
3.567181714337331
 20
7.2298835111961
 30
0.0
 10
3.568321038005318
 20
7.230073398474097
 30
0.0
 10
3.569406108165306
 20
7.229741095737601
 30
0.0
 10
3.570274164293296
 20
7.22893407480611
 30
0.0
 10
3.571074403536287
 20
7.228174525694119
 30
0.0
 10
3.571454178092283
 20
7.226987730206631
 30
0.0
 10
3.571304980945285
 20
7.225895878358144
 30
0.0
 10
3.571304980945285
 20
7.225895878358144
 30
0.0
 10
3.565567672474349
 20
7.178993720692666
 30
0.0
 10
3.565567672474349
 20
7.178993720692666
 30
0.0
 10
3.565567672474349
 20
7.178993720692666
 30
0.0
 10
3.577340683710218
 20
7.178993720692666
 30
0.0
 10
3.577340683710218
 20
7.178993720692666
 30
0.0
 10
3.579334500129196
 20
7.178993720692666
 30
0.0
 10
3.580948541992178
 20
7.177379678829683
 30
0.0
 10
3.580948541992178
 20
7.175385862410706
 30
0.0
 10
3.580948541992178
 20
7.173392045991728
 30
0.0
 10
3.579334500129196
 20
7.171778004128746
 30
0.0
 10
3.577340683710218
 20
7.171778004128746
 30
0.0
  0
HATCH
  5
85
330
80
100
AcDbEntity
  8
Layer 3
 62
     7
420
 16777215
100
AcDbHatch
 10
0.0
 20
0.0
 30
0.0
210
0.0
220
0.0
230
1.0
  2
SOLID
 70
     1
 71
     0
 91
        1
 92
        1
 93
        1
 72
     4
 94
        3
 73
     0
 74
     1
 95
       50
 96
       46
 40
0.0
 40
0.0
 40
0.0
 40
0.0
 40
1.0
 40
1.0
 40
1.0
 40
2.0
 40
2.0
 40
2.0
 40
3.0
 40
3.0
 40
3.0
 40
4.0
 40
4.0
 40
4.0
 40
5.0
 40
5.0
 40
5.0
 40
6.0
 40
6.0
 40
6.0
 40
7.0
 40
7.0
 40
7.0
 40
8.0
 40
8.0
 40
8.0
 40
9.0
 40
9.0
 40
9.0
 40
10.0
 40
10.0
 40
10.0
 40
11.0
 40
11.0
 40
11.0
 40
12.0
 40
12.0
 40
12.0
 40
13.0
 40
13.0
 40
13.0
 40
14.0
 40
14.0
 40
14.0
 40
15.0
 40
15.0
 40
15.0
 40
15.0
 10
3.577340683710218
 20
7.171778004128746
 10
3.577340683710218
 20
7.171778004128746
 10
3.545249733728575
 20
7.171778004128746
 10
3.545249733728575
 20
7.171778004128746
 10
3.543255917309597
 20
7.171778004128746
 10
3.541641875446615
 20
7.173392045991728
 10
3.541641875446615
 20
7.175385862410706
 10
3.541641875446615
 20
7.177379678829683
 10
3.543255917309597
 20
7.178993720692666
 10
3.545249733728575
 20
7.178993720692666
 10
3.545249733728575
 20
7.178993720692666
 10
3.558311265779429
 20
7.178993720692666
 10
3.558311265779429
 20
7.178993720692666
 10
3.558311265779429
 20
7.178993720692666
 10
3.563573856055371
 20
7.222003189159187
 10
3.563573856055371
 20
7.222003189159187
 10
3.563573856055371
 20
7.222003189159187
 10
3.551285436493508
 20
7.220056844559709
 10
3.551285436493508
 20
7.220056844559709
 10
3.54927805669753
 20
7.219724541823212
 10
3.54748769093355
 20
7.221101224588697
 10
3.547148606508554
 20
7.223095041007675
 10
3.546863775591557
 20
7.225041385607153
 10
3.548192986537542
 20
7.226940258387132
 10
3.55014611282552
 20
7.227225089304129
 10
3.55014611282552
 20
7.227225089304129
 10
3.567181714337331
 20
7.2298835111961
 10
3.567181714337331
 20
7.2298835111961
 10
3.568321038005318
 20
7.230073398474097
 10
3.569406108165306
 20
7.229741095737601
 10
3.570274164293296
 20
7.22893407480611
 10
3.571074403536287
 20
7.228174525694119
 10
3.571454178092283
 20
7.226987730206631
 10
3.571304980945285
 20
7.225895878358144
 10
3.571304980945285
 20
7.225895878358144
 10
3.565567672474349
 20
7.178993720692666
 10
3.565567672474349
 20
7.178993720692666
 10
3.565567672474349
 20
7.178993720692666
 10
3.577340683710218
 20
7.178993720692666
 10
3.577340683710218
 20
7.178993720692666
 10
3.579334500129196
 20
7.178993720692666
 10
3.580948541992178
 20
7.177379678829683
 10
3.580948541992178
 20
7.175385862410706
 10
3.580948541992178
 20
7.173392045991728
 10
3.579334500129196
 20
7.171778004128746
 10
3.577340683710218
 20
7.171778004128746
 97
        0
 75
     2
 76
     1
 98
        0
  0
ENDBLK
  5
83
330
80
100
AcDbEntity
  8
0
100
AcDbBlockEnd
  0
BLOCK
  5
88
330
86
100
AcDbEntity
  8
0
100
AcDbBlockBegin
  2
block 9
 70
     0
 71
     0
 10
0.0
 20
0.0
 30
0.0
  3
block 9
  1

  0
SPLINE
  5
8A
330
86
100
AcDbEntity
  8
Layer 3
370
     0
100
AcDbSpline
210
0.0
220
0.0
230
1.0
 70
    11
 71
     3
 72
    65
 73
    61
 74
     0
 42
0.0000000001
 43
0.0000000001
 40
0.0
 40
0.0
 40
0.0
 40
0.0
 40
1.0
 40
1.0
 40
1.0
 40
2.0
 40
2.0
 40
2.0
 40
3.0
 40
3.0
 40
3.0
 40
4.0
 40
4.0
 40
4.0
 40
5.0
 40
5.0
 40
5.0
 40
6.0
 40
6.0
 40
6.0
 40
7.0
 40
7.0
 40
7.0
 40
8.0
 40
8.0
 40
8.0
 40
9.0
 40
9.0
 40
9.0
 40
10.0
 40
10.0
 40
10.0
 40
11.0
 40
11.0
 40
11.0
 40
12.0
 40
12.0
 40
12.0
 40
13.0
 40
13.0
 40
13.0
 40
14.0
 40
14.0
 40
14.0
 40
15.0
 40
15.0
 40
15.0
 40
16.0
 40
16.0
 40
16.0
 40
17.0
 40
17.0
 40
17.0
 40
18.0
 40
18.0
 40
18.0
 40
19.0
 40
19.0
 40
19.0
 40
20.0
 40
20.0
 40
20.0
 40
20.0
 10
3.571277854191285
 20
6.190799980926155
 30
0.0
 10
3.575753768601235
 20
6.186954763546697
 30
0.0
 10
3.577734021643213
 20
6.18135308884576
 30
0.0
 10
3.577028726039222
 20
6.175514055047325
 30
0.0
 10
3.575794458732235
 20
6.165212670215939
 30
0.0
 10
3.56724953122233
 20
6.159041333681007
 30
0.0
 10
3.554147309040476
 20
6.159041333681007
 30
0.0
 10
3.549400127090529
 20
6.159041333681007
 30
0.0
 10
3.542849015999602
 20
6.160370544626993
 30
0.0
 10
3.542604875213604
 20
6.160418016446492
 30
0.0
 10
3.540624622171626
 20
6.160845262821987
 30
0.0
 10
3.53937679148764
 20
6.162791607421466
 30
0.0
 10
3.539810819551635
 20
6.164737952020944
 30
0.0
 10
3.540190594107631
 20
6.166684296620423
 30
0.0
 10
3.542143720395609
 20
6.167918563927409
 30
0.0
 10
3.544083283306588
 20
6.167538789371413
 30
0.0
 10
3.544123973437587
 20
6.167491317551914
 30
0.0
 10
3.55015967620252
 20
6.166257050244927
 30
0.0
 10
3.554147309040476
 20
6.166257050244927
 30
0.0
 10
3.560752673639402
 20
6.166257050244927
 30
0.0
 10
3.568809319577313
 20
6.168013507566408
 30
0.0
 10
3.569813009475301
 20
6.176416019617815
 30
0.0
 10
3.570708192357292
 20
6.183916567098731
 30
0.0
 10
3.565255714803352
 20
6.187761784478188
 30
0.0
 10
3.55828413902543
 20
6.187761784478188
 30
0.0
 10
3.55828413902543
 20
6.187761784478188
 30
0.0
 10
3.551719464557503
 20
6.187761784478188
 30
0.0
 10
3.551719464557503
 20
6.187761784478188
 30
0.0
 10
3.549739211515525
 20
6.187761784478188
 30
0.0
 10
3.548111606275543
 20
6.189375826341171
 30
0.0
 10
3.548111606275543
 20
6.191369642760148
 30
0.0
 10
3.548111606275543
 20
6.193363459179126
 30
0.0
 10
3.549739211515525
 20
6.195024972861607
 30
0.0
 10
3.551719464557503
 20
6.195024972861607
 30
0.0
 10
3.551719464557503
 20
6.195024972861607
 30
0.0
 10
3.559043688137421
 20
6.195024972861607
 30
0.0
 10
3.559043688137421
 20
6.195024972861607
 30
0.0
 10
3.566869756666334
 20
6.195024972861607
 30
0.0
 10
3.571806825894279
 20
6.198632831143567
 30
0.0
 10
3.572566375006271
 20
6.204994054956496
 30
0.0
 10
3.57351581139626
 20
6.21277943335441
 30
0.0
 10
3.566774813027335
 20
6.216292347997372
 30
0.0
 10
3.559938871019412
 20
6.216292347997372
 30
0.0
 10
3.556765040801447
 20
6.216292347997372
 30
0.0
 10
3.551583830787504
 20
6.215437855246381
 30
0.0
 10
3.549820591777524
 20
6.215105552509884
 30
0.0
 10
3.547881028866545
 20
6.214725777953888
 30
0.0
 10
3.545982156086567
 20
6.216007517080374
 30
0.0
 10
3.545602381530571
 20
6.217953861679852
 30
0.0
 10
3.545222606974575
 20
6.219900206279331
 30
0.0
 10
3.546511127789561
 20
6.22179907905931
 30
0.0
 10
3.548450690700539
 20
6.222178853615306
 30
0.0
 10
3.548735521617536
 20
6.222226325434805
 30
0.0
 10
3.555435829855461
 20
6.223508064561291
 30
0.0
 10
3.559938871019412
 20
6.223508064561291
 30
0.0
 10
3.571196473929286
 20
6.223508064561291
 30
0.0
 10
3.581260499663174
 20
6.216292347997372
 30
0.0
 10
3.579782091570191
 20
6.204139562205507
 30
0.0
 10
3.579171739605198
 20
6.199155021158061
 30
0.0
 10
3.576554007844226
 20
6.193980592832619
 30
0.0
 10
3.571277854191285
 20
6.190799980926155
 30
0.0
  0
HATCH
  5
8B
330
86
100
AcDbEntity
  8
Layer 3
 62
     7
420
 16777215
100
AcDbHatch
 10
0.0
 20
0.0
 30
0.0
210
0.0
220
0.0
230
1.0
  2
SOLID
 70
     1
 71
     0
 91
        1
 92
        1
 93
        1
 72
     4
 94
        3
 73
     0
 74
     1
 95
       65
 96
       61
 40
0.0
 40
0.0
 40
0.0
 40
0.0
 40
1.0
 40
1.0
 40
1.0
 40
2.0
 40
2.0
 40
2.0
 40
3.0
 40
3.0
 40
3.0
 40
4.0
 40
4.0
 40
4.0
 40
5.0
 40
5.0
 40
5.0
 40
6.0
 40
6.0
 40
6.0
 40
7.0
 40
7.0
 40
7.0
 40
8.0
 40
8.0
 40
8.0
 40
9.0
 40
9.0
 40
9.0
 40
10.0
 40
10.0
 40
10.0
 40
11.0
 40
11.0
 40
11.0
 40
12.0
 40
12.0
 40
12.0
 40
13.0
 40
13.0
 40
13.0
 40
14.0
 40
14.0
 40
14.0
 40
15.0
 40
15.0
 40
15.0
 40
16.0
 40
16.0
 40
16.0
 40
17.0
 40
17.0
 40
17.0
 40
18.0
 40
18.0
 40
18.0
 40
19.0
 40
19.0
 40
19.0
 40
20.0
 40
20.0
 40
20.0
 40
20.0
 10
3.571277854191285
 20
6.190799980926155
 10
3.575753768601235
 20
6.186954763546697
 10
3.577734021643213
 20
6.18135308884576
 10
3.577028726039222
 20
6.175514055047325
 10
3.575794458732235
 20
6.165212670215939
 10
3.56724953122233
 20
6.159041333681007
 10
3.554147309040476
 20
6.159041333681007
 10
3.549400127090529
 20
6.159041333681007
 10
3.542849015999602
 20
6.160370544626993
 10
3.542604875213604
 20
6.160418016446492
 10
3.540624622171626
 20
6.160845262821987
 10
3.53937679148764
 20
6.162791607421466
 10
3.539810819551635
 20
6.164737952020944
 10
3.540190594107631
 20
6.166684296620423
 10
3.542143720395609
 20
6.167918563927409
 10
3.544083283306588
 20
6.167538789371413
 10
3.544123973437587
 20
6.167491317551914
 10
3.55015967620252
 20
6.166257050244927
 10
3.554147309040476
 20
6.166257050244927
 10
3.560752673639402
 20
6.166257050244927
 10
3.568809319577313
 20
6.168013507566408
 10
3.569813009475301
 20
6.176416019617815
 10
3.570708192357292
 20
6.183916567098731
 10
3.565255714803352
 20
6.187761784478188
 10
3.55828413902543
 20
6.187761784478188
 10
3.55828413902543
 20
6.187761784478188
 10
3.551719464557503
 20
6.187761784478188
 10
3.551719464557503
 20
6.187761784478188
 10
3.549739211515525
 20
6.187761784478188
 10
3.548111606275543
 20
6.189375826341171
 10
3.548111606275543
 20
6.191369642760148
 10
3.548111606275543
 20
6.193363459179126
 10
3.549739211515525
 20
6.195024972861607
 10
3.551719464557503
 20
6.195024972861607
 10
3.551719464557503
 20
6.195024972861607
 10
3.559043688137421
 20
6.195024972861607
 10
3.559043688137421
 20
6.195024972861607
 10
3.566869756666334
 20
6.195024972861607
 10
3.571806825894279
 20
6.198632831143567
 10
3.572566375006271
 20
6.204994054956496
 10
3.57351581139626
 20
6.21277943335441
 10
3.566774813027335
 20
6.216292347997372
 10
3.559938871019412
 20
6.216292347997372
 10
3.556765040801447
 20
6.216292347997372
 10
3.551583830787504
 20
6.215437855246381
 10
3.549820591777524
 20
6.215105552509884
 10
3.547881028866545
 20
6.214725777953888
 10
3.545982156086567
 20
6.216007517080374
 10
3.545602381530571
 20
6.217953861679852
 10
3.545222606974575
 20
6.219900206279331
 10
3.546511127789561
 20
6.22179907905931
 10
3.548450690700539
 20
6.222178853615306
 10
3.548735521617536
 20
6.222226325434805
 10
3.555435829855461
 20
6.223508064561291
 10
3.559938871019412
 20
6.223508064561291
 10
3.571196473929286
 20
6.223508064561291
 10
3.581260499663174
 20
6.216292347997372
 10
3.579782091570191
 20
6.204139562205507
 10
3.579171739605198
 20
6.199155021158061
 10
3.576554007844226
 20
6.193980592832619
 10
3.571277854191285
 20
6.190799980926155
 97
        0
 75
     2
 76
     1
 98
        0
  0
ENDBLK
  5
89
330
86
100
AcDbEntity
  8
0
100
AcDbBlockEnd
  0
BLOCK
  5
8E
330
8C
100
AcDbEntity
  8
0
100
AcDbBlockBegin
  2
block 10
 70
     0
 71
     0
 10
0.0
 20
0.0
 30
0.0
  3
block 10
  1

  0
SPLINE
  5
90
330
8C
100
AcDbEntity
  8
Layer 3
370
     0
100
AcDbSpline
210
0.0
220
0.0
230
1.0
 70
    11
 71
     3
 72
    65
 73
    61
 74
     0
 42
0.0000000001
 43
0.0000000001
 40
0.0
 40
0.0
 40
0.0
 40
0.0
 40
1.0
 40
1.0
 40
1.0
 40
2.0
 40
2.0
 40
2.0
 40
3.0
 40
3.0
 40
3.0
 40
4.0
 40
4.0
 40
4.0
 40
5.0
 40
5.0
 40
5.0
 40
6.0
 40
6.0
 40
6.0
 40
7.0
 40
7.0
 40
7.0
 40
8.0
 40
8.0
 40
8.0
 40
9.0
 40
9.0
 40
9.0
 40
10.0
 40
10.0
 40
10.0
 40
11.0
 40
11.0
 40
11.0
 40
12.0
 40
12.0
 40
12.0
 40
13.0
 40
13.0
 40
13.0
 40
14.0
 40
14.0
 40
14.0
 40
15.0
 40
15.0
 40
15.0
 40
16.0
 40
16.0
 40
16.0
 40
17.0
 40
17.0
 40
17.0
 40
18.0
 40
18.0
 40
18.0
 40
19.0
 40
19.0
 40
19.0
 40
20.0
 40
20.0
 40
20.0
 40
20.0
 10
3.580283936519185
 20
5.673899683461903
 30
0.0
 10
3.580283936519185
 20
5.673899683461903
 30
0.0
 10
3.573163163594264
 20
5.673899683461903
 30
0.0
 10
3.573163163594264
 20
5.673899683461903
 30
0.0
 10
3.573163163594264
 20
5.673899683461903
 30
0.0
 10
3.57173900900928
 20
5.662221615865032
 30
0.0
 10
3.57173900900928
 20
5.662221615865032
 30
0.0
 10
3.571494868223283
 20
5.660227799446055
 30
0.0
 10
3.569704502459303
 20
5.658756173041572
 30
0.0
 10
3.567697122663325
 20
5.659041003958568
 30
0.0
 10
3.565757559752347
 20
5.659278363056066
 30
0.0
 10
3.564333405167362
 20
5.661129764016545
 30
0.0
 10
3.56457754595336
 20
5.663076108616023
 30
0.0
 10
3.56457754595336
 20
5.663076108616023
 30
0.0
 10
3.565906756899345
 20
5.673899683461903
 30
0.0
 10
3.565906756899345
 20
5.673899683461903
 30
0.0
 10
3.565906756899345
 20
5.673899683461903
 30
0.0
 10
3.538942763423645
 20
5.673899683461903
 30
0.0
 10
3.538942763423645
 20
5.673899683461903
 30
0.0
 10
3.53761355247766
 20
5.673899683461903
 30
0.0
 10
3.536419975301673
 20
5.674611760754395
 30
0.0
 10
3.53575536982868
 20
5.675798556241881
 30
0.0
 10
3.535145017863687
 20
5.676937879909869
 30
0.0
 10
3.535185707994687
 20
5.678362034494853
 30
0.0
 10
3.535904566975679
 20
5.679453886343341
 30
0.0
 10
3.535904566975679
 20
5.679453886343341
 30
0.0
 10
3.562868560451379
 20
5.721086672044378
 30
0.0
 10
3.562868560451379
 20
5.721086672044378
 30
0.0
 10
3.563953630611367
 20
5.72274818572686
 30
0.0
 10
3.566178024439342
 20
5.723222903921855
 30
0.0
 10
3.567887009941323
 20
5.722131052073366
 30
0.0
 10
3.569555305312305
 20
5.721039200224879
 30
0.0
 10
3.570030023507299
 20
5.718808024708403
 30
0.0
 10
3.568944953347311
 20
5.717146511025922
 30
0.0
 10
3.568944953347311
 20
5.717146511025922
 30
0.0
 10
3.545588818153571
 20
5.681115400025822
 30
0.0
 10
3.545588818153571
 20
5.681115400025822
 30
0.0
 10
3.545588818153571
 20
5.681115400025822
 30
0.0
 10
3.566747686273336
 20
5.681115400025822
 30
0.0
 10
3.566747686273336
 20
5.681115400025822
 30
0.0
 10
3.566747686273336
 20
5.681115400025822
 30
0.0
 10
3.568375291513318
 20
5.694312565846676
 30
0.0
 10
3.568375291513318
 20
5.694312565846676
 30
0.0
 10
3.568605868922315
 20
5.696306382265654
 30
0.0
 10
3.570464051571294
 20
5.697730536850638
 30
0.0
 10
3.572403614482273
 20
5.697493177753141
 30
0.0
 10
3.574397430901251
 20
5.697255818655643
 30
0.0
 10
3.575821585486235
 20
5.695451889514663
 30
0.0
 10
3.575591008077237
 20
5.693458073095686
 30
0.0
 10
3.575591008077237
 20
5.693458073095686
 30
0.0
 10
3.574071909853254
 20
5.681115400025822
 30
0.0
 10
3.574071909853254
 20
5.681115400025822
 30
0.0
 10
3.574071909853254
 20
5.681115400025822
 30
0.0
 10
3.580283936519185
 20
5.681115400025822
 30
0.0
 10
3.580283936519185
 20
5.681115400025822
 30
0.0
 10
3.582277752938163
 20
5.681115400025822
 30
0.0
 10
3.583891794801145
 20
5.679501358162841
 30
0.0
 10
3.583891794801145
 20
5.677507541743863
 30
0.0
 10
3.583891794801145
 20
5.675513725324885
 30
0.0
 10
3.582277752938163
 20
5.673899683461903
 30
0.0
 10
3.580283936519185
 20
5.673899683461903
 30
0.0
  0
HATCH
  5
91
330
8C
100
AcDbEntity
  8
Layer 3
 62
     7
420
 16777215
100
AcDbHatch
 10
0.0
 20
0.0
 30
0.0
210
0.0
220
0.0
230
1.0
  2
SOLID
 70
     1
 71
     0
 91
        1
 92
        1
 93
        1
 72
     4
 94
        3
 73
     0
 74
     1
 95
       65
 96
       61
 40
0.0
 40
0.0
 40
0.0
 40
0.0
 40
1.0
 40
1.0
 40
1.0
 40
2.0
 40
2.0
 40
2.0
 40
3.0
 40
3.0
 40
3.0
 40
4.0
 40
4.0
 40
4.0
 40
5.0
 40
5.0
 40
5.0
 40
6.0
 40
6.0
 40
6.0
 40
7.0
 40
7.0
 40
7.0
 40
8.0
 40
8.0
 40
8.0
 40
9.0
 40
9.0
 40
9.0
 40
10.0
 40
10.0
 40
10.0
 40
11.0
 40
11.0
 40
11.0
 40
12.0
 40
12.0
 40
12.0
 40
13.0
 40
13.0
 40
13.0
 40
14.0
 40
14.0
 40
14.0
 40
15.0
 40
15.0
 40
15.0
 40
16.0
 40
16.0
 40
16.0
 40
17.0
 40
17.0
 40
17.0
 40
18.0
 40
18.0
 40
18.0
 40
19.0
 40
19.0
 40
19.0
 40
20.0
 40
20.0
 40
20.0
 40
20.0
 10
3.580283936519185
 20
5.673899683461903
 10
3.580283936519185
 20
5.673899683461903
 10
3.573163163594264
 20
5.673899683461903
 10
3.573163163594264
 20
5.673899683461903
 10
3.573163163594264
 20
5.673899683461903
 10
3.57173900900928
 20
5.662221615865032
 10
3.57173900900928
 20
5.662221615865032
 10
3.571494868223283
 20
5.660227799446055
 10
3.569704502459303
 20
5.658756173041572
 10
3.567697122663325
 20
5.659041003958568
 10
3.565757559752347
 20
5.659278363056066
 10
3.564333405167362
 20
5.661129764016545
 10
3.56457754595336
 20
5.663076108616023
 10
3.56457754595336
 20
5.663076108616023
 10
3.565906756899345
 20
5.673899683461903
 10
3.565906756899345
 20
5.673899683461903
 10
3.565906756899345
 20
5.673899683461903
 10
3.538942763423645
 20
5.673899683461903
 10
3.538942763423645
 20
5.673899683461903
 10
3.53761355247766
 20
5.673899683461903
 10
3.536419975301673
 20
5.674611760754395
 10
3.53575536982868
 20
5.675798556241881
 10
3.535145017863687
 20
5.676937879909869
 10
3.535185707994687
 20
5.678362034494853
 10
3.535904566975679
 20
5.679453886343341
 10
3.535904566975679
 20
5.679453886343341
 10
3.562868560451379
 20
5.721086672044378
 10
3.562868560451379
 20
5.721086672044378
 10
3.563953630611367
 20
5.72274818572686
 10
3.566178024439342
 20
5.723222903921855
 10
3.567887009941323
 20
5.722131052073366
 10
3.569555305312305
 20
5.721039200224879
 10
3.570030023507299
 20
5.718808024708403
 10
3.568944953347311
 20
5.717146511025922
 10
3.568944953347311
 20
5.717146511025922
 10
3.545588818153571
 20
5.681115400025822
 10
3.545588818153571
 20
5.681115400025822
 10
3.545588818153571
 20
5.681115400025822
 10
3.566747686273336
 20
5.681115400025822
 10
3.566747686273336
 20
5.681115400025822
 10
3.566747686273336
 20
5.681115400025822
 10
3.568375291513318
 20
5.694312565846676
 10
3.568375291513318
 20
5.694312565846676
 10
3.568605868922315
 20
5.696306382265654
 10
3.570464051571294
 20
5.697730536850638
 10
3.572403614482273
 20
5.697493177753141
 10
3.574397430901251
 20
5.697255818655643
 10
3.575821585486235
 20
5.695451889514663
 10
3.575591008077237
 20
5.693458073095686
 10
3.575591008077237
 20
5.693458073095686
 10
3.574071909853254
 20
5.681115400025822
 10
3.574071909853254
 20
5.681115400025822
 10
3.574071909853254
 20
5.681115400025822
 10
3.580283936519185
 20
5.681115400025822
 10
3.580283936519185
 20
5.681115400025822
 10
3.582277752938163
 20
5.681115400025822
 10
3.583891794801145
 20
5.679501358162841
 10
3.583891794801145
 20
5.677507541743863
 10
3.583891794801145
 20
5.675513725324885
 10
3.582277752938163
 20
5.673899683461903
 10
3.580283936519185
 20
5.673899683461903
 97
        0
 75
     2
 76
     1
 98
        0
  0
ENDBLK
  5
8F
330
8C
100
AcDbEntity
  8
0
100
AcDbBlockEnd
  0
BLOCK
  5
94
330
92
100
AcDbEntity
  8
0
100
AcDbBlockBegin
  2
block 11
 70
     0
 71
     0
 10
0.0
 20
0.0
 30
0.0
  3
block 11
  1

  0
SPLINE
  5
96
330
92
100
AcDbEntity
  8
Layer 3
370
     0
100
AcDbSpline
210
0.0
220
0.0
230
1.0
 70
    11
 71
     3
 72
    56
 73
    52
 74
     0
 42
0.0000000001
 43
0.0000000001
 40
0.0
 40
0.0
 40
0.0
 40
0.0
 40
1.0
 40
1.0
 40
1.0
 40
2.0
 40
2.0
 40
2.0
 40
3.0
 40
3.0
 40
3.0
 40
4.0
 40
4.0
 40
4.0
 40
5.0
 40
5.0
 40
5.0
 40
6.0
 40
6.0
 40
6.0
 40
7.0
 40
7.0
 40
7.0
 40
8.0
 40
8.0
 40
8.0
 40
9.0
 40
9.0
 40
9.0
 40
10.0
 40
10.0
 40
10.0
 40
11.0
 40
11.0
 40
11.0
 40
12.0
 40
12.0
 40
12.0
 40
13.0
 40
13.0
 40
13.0
 40
14.0
 40
14.0
 40
14.0
 40
15.0
 40
15.0
 40
15.0
 40
16.0
 40
16.0
 40
16.0
 40
17.0
 40
17.0
 40
17.0
 40
17.0
 10
4.591718522774937
 20
6.41873253140862
 30
0.0
 10
4.589195734652965
 20
6.417972982296629
 30
0.0
 10
4.586347425482997
 20
6.417071017726139
 30
0.0
 10
4.583268538904031
 20
6.415741806780153
 30
0.0
 10
4.577476976925095
 20
6.413225800346681
 30
0.0
 10
4.575388216867119
 20
6.40881092113323
 30
0.0
 10
4.57438452696913
 20
6.403968795544284
 30
0.0
 10
4.57438452696913
 20
6.403968795544284
 30
0.0
 10
4.598269633865865
 20
6.403968795544284
 30
0.0
 10
4.598269633865865
 20
6.403968795544284
 30
0.0
 10
4.600263450284842
 20
6.403968795544284
 30
0.0
 10
4.601877492147825
 20
6.402354753681302
 30
0.0
 10
4.601877492147825
 20
6.400360937262324
 30
0.0
 10
4.601877492147825
 20
6.398367120843346
 30
0.0
 10
4.600263450284842
 20
6.396753078980364
 30
0.0
 10
4.598269633865865
 20
6.396753078980364
 30
0.0
 10
4.598269633865865
 20
6.396753078980364
 30
0.0
 10
4.570166316722177
 20
6.396753078980364
 30
0.0
 10
4.570166316722177
 20
6.396753078980364
 30
0.0
 10
4.568036866533201
 20
6.396753078980364
 30
0.0
 10
4.56636857116222
 20
6.398651951760344
 30
0.0
 10
4.566599148571217
 20
6.400788183637819
 30
0.0
 10
4.567277317421209
 20
6.40615249924126
 30
0.0
 10
4.568606528367194
 20
6.417308376823636
 30
0.0
 10
4.580379539603063
 20
6.422387861510079
 30
0.0
 10
4.583838200738025
 20
6.423906959734063
 30
0.0
 10
4.586917087316991
 20
6.424856396124052
 30
0.0
 10
4.589575509208961
 20
6.425663417055543
 30
0.0
 10
4.596330070954886
 20
6.427752177113519
 30
0.0
 10
4.598120436718866
 20
6.428464254406012
 30
0.0
 10
4.59864940842186
 20
6.432926605438962
 30
0.0
 10
4.599408957533852
 20
6.439145413793393
 30
0.0
 10
4.593047733720923
 20
6.441281645670869
 30
0.0
 10
4.58792077721498
 20
6.441281645670869
 30
0.0
 10
4.583933144377024
 20
6.441281645670869
 30
0.0
 10
4.578331469676086
 20
6.440047378363883
 30
0.0
 10
4.57620201948711
 20
6.43938277289089
 30
0.0
 10
4.574248893199131
 20
6.438765639237397
 30
0.0
 10
4.572255076780154
 20
6.439857491085885
 30
0.0
 10
4.571644724815161
 20
6.441756363865863
 30
0.0
 10
4.571075062981167
 20
6.443655236645843
 30
0.0
 10
4.572105879633155
 20
6.44569652488432
 30
0.0
 10
4.574059005921134
 20
6.446313658537814
 30
0.0
 10
4.577002258730101
 20
6.447215623108304
 30
0.0
 10
4.583268538904031
 20
6.448497362234789
 30
0.0
 10
4.58792077721498
 20
6.448497362234789
 30
0.0
 10
4.597659281900872
 20
6.448497362234789
 30
0.0
 10
4.607194335931765
 20
6.442848215714352
 30
0.0
 10
4.60586512498578
 20
6.432072112687972
 30
0.0
 10
4.604725801317793
 20
6.422720164246575
 30
0.0
 10
4.598418831012863
 20
6.420773819647097
 30
0.0
 10
4.591718522774937
 20
6.41873253140862
 30
0.0
  0
HATCH
  5
97
330
92
100
AcDbEntity
  8
Layer 3
 62
     7
420
 16777215
100
AcDbHatch
 10
0.0
 20
0.0
 30
0.0
210
0.0
220
0.0
230
1.0
  2
SOLID
 70
     1
 71
     0
 91
        1
 92
        1
 93
        1
 72
     4
 94
        3
 73
     0
 74
     1
 95
       56
 96
       52
 40
0.0
 40
0.0
 40
0.0
 40
0.0
 40
1.0
 40
1.0
 40
1.0
 40
2.0
 40
2.0
 40
2.0
 40
3.0
 40
3.0
 40
3.0
 40
4.0
 40
4.0
 40
4.0
 40
5.0
 40
5.0
 40
5.0
 40
6.0
 40
6.0
 40
6.0
 40
7.0
 40
7.0
 40
7.0
 40
8.0
 40
8.0
 40
8.0
 40
9.0
 40
9.0
 40
9.0
 40
10.0
 40
10.0
 40
10.0
 40
11.0
 40
11.0
 40
11.0
 40
12.0
 40
12.0
 40
12.0
 40
13.0
 40
13.0
 40
13.0
 40
14.0
 40
14.0
 40
14.0
 40
15.0
 40
15.0
 40
15.0
 40
16.0
 40
16.0
 40
16.0
 40
17.0
 40
17.0
 40
17.0
 40
17.0
 10
4.591718522774937
 20
6.41873253140862
 10
4.589195734652965
 20
6.417972982296629
 10
4.586347425482997
 20
6.417071017726139
 10
4.583268538904031
 20
6.415741806780153
 10
4.577476976925095
 20
6.413225800346681
 10
4.575388216867119
 20
6.40881092113323
 10
4.57438452696913
 20
6.403968795544284
 10
4.57438452696913
 20
6.403968795544284
 10
4.598269633865865
 20
6.403968795544284
 10
4.598269633865865
 20
6.403968795544284
 10
4.600263450284842
 20
6.403968795544284
 10
4.601877492147825
 20
6.402354753681302
 10
4.601877492147825
 20
6.400360937262324
 10
4.601877492147825
 20
6.398367120843346
 10
4.600263450284842
 20
6.396753078980364
 10
4.598269633865865
 20
6.396753078980364
 10
4.598269633865865
 20
6.396753078980364
 10
4.570166316722177
 20
6.396753078980364
 10
4.570166316722177
 20
6.396753078980364
 10
4.568036866533201
 20
6.396753078980364
 10
4.56636857116222
 20
6.398651951760344
 10
4.566599148571217
 20
6.400788183637819
 10
4.567277317421209
 20
6.40615249924126
 10
4.568606528367194
 20
6.417308376823636
 10
4.580379539603063
 20
6.422387861510079
 10
4.583838200738025
 20
6.423906959734063
 10
4.586917087316991
 20
6.424856396124052
 10
4.589575509208961
 20
6.425663417055543
 10
4.596330070954886
 20
6.427752177113519
 10
4.598120436718866
 20
6.428464254406012
 10
4.59864940842186
 20
6.432926605438962
 10
4.599408957533852
 20
6.439145413793393
 10
4.593047733720923
 20
6.441281645670869
 10
4.58792077721498
 20
6.441281645670869
 10
4.583933144377024
 20
6.441281645670869
 10
4.578331469676086
 20
6.440047378363883
 10
4.57620201948711
 20
6.43938277289089
 10
4.574248893199131
 20
6.438765639237397
 10
4.572255076780154
 20
6.439857491085885
 10
4.571644724815161
 20
6.441756363865863
 10
4.571075062981167
 20
6.443655236645843
 10
4.572105879633155
 20
6.44569652488432
 10
4.574059005921134
 20
6.446313658537814
 10
4.577002258730101
 20
6.447215623108304
 10
4.583268538904031
 20
6.448497362234789
 10
4.58792077721498
 20
6.448497362234789
 10
4.597659281900872
 20
6.448497362234789
 10
4.607194335931765
 20
6.442848215714352
 10
4.60586512498578
 20
6.432072112687972
 10
4.604725801317793
 20
6.422720164246575
 10
4.598418831012863
 20
6.420773819647097
 10
4.591718522774937
 20
6.41873253140862
 97
        0
 75
     2
 76
     1
 98
        0
  0
ENDBLK
  5
95
330
92
100
AcDbEntity
  8
0
100
AcDbBlockEnd
  0
BLOCK
  5
9A
330
98
100
AcDbEntity
  8
0
100
AcDbBlockBegin
  2
block 12
 70
     0
 71
     0
 10
0.0
 20
0.0
 30
0.0
  3
block 12
  1

  0
SPLINE
  5
9C
330
98
100
AcDbEntity
  8
Layer 3
370
     0
100
AcDbSpline
210
0.0
220
0.0
230
1.0
 70
    11
 71
     3
 72
    65
 73
    61
 74
     0
 42
0.0000000001
 43
0.0000000001
 40
0.0
 40
0.0
 40
0.0
 40
0.0
 40
1.0
 40
1.0
 40
1.0
 40
2.0
 40
2.0
 40
2.0
 40
3.0
 40
3.0
 40
3.0
 40
4.0
 40
4.0
 40
4.0
 40
5.0
 40
5.0
 40
5.0
 40
6.0
 40
6.0
 40
6.0
 40
7.0
 40
7.0
 40
7.0
 40
8.0
 40
8.0
 40
8.0
 40
9.0
 40
9.0
 40
9.0
 40
10.0
 40
10.0
 40
10.0
 40
11.0
 40
11.0
 40
11.0
 40
12.0
 40
12.0
 40
12.0
 40
13.0
 40
13.0
 40
13.0
 40
14.0
 40
14.0
 40
14.0
 40
15.0
 40
15.0
 40
15.0
 40
16.0
 40
16.0
 40
16.0
 40
17.0
 40
17.0
 40
17.0
 40
18.0
 40
18.0
 40
18.0
 40
19.0
 40
19.0
 40
19.0
 40
20.0
 40
20.0
 40
20.0
 40
20.0
 10
4.596275817446887
 20
5.915788948877213
 30
0.0
 10
4.600751731856837
 20
5.911943731497756
 30
0.0
 10
4.602731984898815
 20
5.906342056796818
 30
0.0
 10
4.602026689294823
 20
5.900503022998383
 30
0.0
 10
4.600792421987837
 20
5.890201638166998
 30
0.0
 10
4.592247494477932
 20
5.884030301632066
 30
0.0
 10
4.579145272296077
 20
5.884030301632066
 30
0.0
 10
4.57439809034613
 20
5.884030301632066
 30
0.0
 10
4.567846979255203
 20
5.885359512578051
 30
0.0
 10
4.567602838469205
 20
5.885406984397551
 30
0.0
 10
4.565622585427228
 20
5.885834230773046
 30
0.0
 10
4.564374754743241
 20
5.887780575372524
 30
0.0
 10
4.564808782807237
 20
5.889726919972003
 30
0.0
 10
4.565188557363232
 20
5.891673264571481
 30
0.0
 10
4.567141683651211
 20
5.892907531878468
 30
0.0
 10
4.569081246562189
 20
5.892527757322472
 30
0.0
 10
4.569121936693189
 20
5.892480285502972
 30
0.0
 10
4.575157639458122
 20
5.891246018195986
 30
0.0
 10
4.579145272296077
 20
5.891246018195986
 30
0.0
 10
4.585750636895003
 20
5.891246018195986
 30
0.0
 10
4.593807282832914
 20
5.893002475517466
 30
0.0
 10
4.594810972730903
 20
5.901404987568873
 30
0.0
 10
4.595706155612893
 20
5.908905535049789
 30
0.0
 10
4.590253678058954
 20
5.912750752429247
 30
0.0
 10
4.583282102281031
 20
5.912750752429247
 30
0.0
 10
4.583282102281031
 20
5.912750752429247
 30
0.0
 10
4.576717427813104
 20
5.912750752429247
 30
0.0
 10
4.576717427813104
 20
5.912750752429247
 30
0.0
 10
4.574737174771126
 20
5.912750752429247
 30
0.0
 10
4.573109569531145
 20
5.914364794292228
 30
0.0
 10
4.573109569531145
 20
5.916358610711207
 30
0.0
 10
4.573109569531145
 20
5.918352427130184
 30
0.0
 10
4.574737174771126
 20
5.920013940812666
 30
0.0
 10
4.576717427813104
 20
5.920013940812666
 30
0.0
 10
4.576717427813104
 20
5.920013940812666
 30
0.0
 10
4.584041651393023
 20
5.920013940812666
 30
0.0
 10
4.584041651393023
 20
5.920013940812666
 30
0.0
 10
4.591867719921936
 20
5.920013940812666
 30
0.0
 10
4.596804789149881
 20
5.923621799094626
 30
0.0
 10
4.597564338261872
 20
5.929983022907555
 30
0.0
 10
4.598513774651861
 20
5.937768401305468
 30
0.0
 10
4.591772776282936
 20
5.941281315948429
 30
0.0
 10
4.584936834275013
 20
5.941281315948429
 30
0.0
 10
4.581763004057049
 20
5.941281315948429
 30
0.0
 10
4.576581794043106
 20
5.940426823197439
 30
0.0
 10
4.574818555033126
 20
5.940094520460943
 30
0.0
 10
4.572878992122146
 20
5.939714745904947
 30
0.0
 10
4.570980119342168
 20
5.940996485031433
 30
0.0
 10
4.570600344786172
 20
5.942942829630911
 30
0.0
 10
4.570220570230177
 20
5.944889174230389
 30
0.0
 10
4.571509091045162
 20
5.946788047010368
 30
0.0
 10
4.573448653956141
 20
5.947167821566364
 30
0.0
 10
4.573733484873137
 20
5.947215293385863
 30
0.0
 10
4.580433793111063
 20
5.948497032512349
 30
0.0
 10
4.584936834275013
 20
5.948497032512349
 30
0.0
 10
4.596194437184888
 20
5.948497032512349
 30
0.0
 10
4.606258462918776
 20
5.941281315948429
 30
0.0
 10
4.604780054825792
 20
5.929128530156564
 30
0.0
 10
4.604169702860799
 20
5.92414398910912
 30
0.0
 10
4.601551971099828
 20
5.918969560783678
 30
0.0
 10
4.596275817446887
 20
5.915788948877213
 30
0.0
  0
HATCH
  5
9D
330
98
100
AcDbEntity
  8
Layer 3
 62
     7
420
 16777215
100
AcDbHatch
 10
0.0
 20
0.0
 30
0.0
210
0.0
220
0.0
230
1.0
  2
SOLID
 70
     1
 71
     0
 91
        1
 92
        1
 93
        1
 72
     4
 94
        3
 73
     0
 74
     1
 95
       65
 96
       61
 40
0.0
 40
0.0
 40
0.0
 40
0.0
 40
1.0
 40
1.0
 40
1.0
 40
2.0
 40
2.0
 40
2.0
 40
3.0
 40
3.0
 40
3.0
 40
4.0
 40
4.0
 40
4.0
 40
5.0
 40
5.0
 40
5.0
 40
6.0
 40
6.0
 40
6.0
 40
7.0
 40
7.0
 40
7.0
 40
8.0
 40
8.0
 40
8.0
 40
9.0
 40
9.0
 40
9.0
 40
10.0
 40
10.0
 40
10.0
 40
11.0
 40
11.0
 40
11.0
 40
12.0
 40
12.0
 40
12.0
 40
13.0
 40
13.0
 40
13.0
 40
14.0
 40
14.0
 40
14.0
 40
15.0
 40
15.0
 40
15.0
 40
16.0
 40
16.0
 40
16.0
 40
17.0
 40
17.0
 40
17.0
 40
18.0
 40
18.0
 40
18.0
 40
19.0
 40
19.0
 40
19.0
 40
20.0
 40
20.0
 40
20.0
 40
20.0
 10
4.596275817446887
 20
5.915788948877213
 10
4.600751731856837
 20
5.911943731497756
 10
4.602731984898815
 20
5.906342056796818
 10
4.602026689294823
 20
5.900503022998383
 10
4.600792421987837
 20
5.890201638166998
 10
4.592247494477932
 20
5.884030301632066
 10
4.579145272296077
 20
5.884030301632066
 10
4.57439809034613
 20
5.884030301632066
 10
4.567846979255203
 20
5.885359512578051
 10
4.567602838469205
 20
5.885406984397551
 10
4.565622585427228
 20
5.885834230773046
 10
4.564374754743241
 20
5.887780575372524
 10
4.564808782807237
 20
5.889726919972003
 10
4.565188557363232
 20
5.891673264571481
 10
4.567141683651211
 20
5.892907531878468
 10
4.569081246562189
 20
5.892527757322472
 10
4.569121936693189
 20
5.892480285502972
 10
4.575157639458122
 20
5.891246018195986
 10
4.579145272296077
 20
5.891246018195986
 10
4.585750636895003
 20
5.891246018195986
 10
4.593807282832914
 20
5.893002475517466
 10
4.594810972730903
 20
5.901404987568873
 10
4.595706155612893
 20
5.908905535049789
 10
4.590253678058954
 20
5.912750752429247
 10
4.583282102281031
 20
5.912750752429247
 10
4.583282102281031
 20
5.912750752429247
 10
4.576717427813104
 20
5.912750752429247
 10
4.576717427813104
 20
5.912750752429247
 10
4.574737174771126
 20
5.912750752429247
 10
4.573109569531145
 20
5.914364794292228
 10
4.573109569531145
 20
5.916358610711207
 10
4.573109569531145
 20
5.918352427130184
 10
4.574737174771126
 20
5.920013940812666
 10
4.576717427813104
 20
5.920013940812666
 10
4.576717427813104
 20
5.920013940812666
 10
4.584041651393023
 20
5.920013940812666
 10
4.584041651393023
 20
5.920013940812666
 10
4.591867719921936
 20
5.920013940812666
 10
4.596804789149881
 20
5.923621799094626
 10
4.597564338261872
 20
5.929983022907555
 10
4.598513774651861
 20
5.937768401305468
 10
4.591772776282936
 20
5.941281315948429
 10
4.584936834275013
 20
5.941281315948429
 10
4.581763004057049
 20
5.941281315948429
 10
4.576581794043106
 20
5.940426823197439
 10
4.574818555033126
 20
5.940094520460943
 10
4.572878992122146
 20
5.939714745904947
 10
4.570980119342168
 20
5.940996485031433
 10
4.570600344786172
 20
5.942942829630911
 10
4.570220570230177
 20
5.944889174230389
 10
4.571509091045162
 20
5.946788047010368
 10
4.573448653956141
 20
5.947167821566364
 10
4.573733484873137
 20
5.947215293385863
 10
4.580433793111063
 20
5.948497032512349
 10
4.584936834275013
 20
5.948497032512349
 10
4.596194437184888
 20
5.948497032512349
 10
4.606258462918776
 20
5.941281315948429
 10
4.604780054825792
 20
5.929128530156564
 10
4.604169702860799
 20
5.92414398910912
 10
4.601551971099828
 20
5.918969560783678
 10
4.596275817446887
 20
5.915788948877213
 97
        0
 75
     2
 76
     1
 98
        0
  0
ENDBLK
  5
9B
330
98
100
AcDbEntity
  8
0
100
AcDbBlockEnd
  0
BLOCK
  5
A0
330
9E
100
AcDbEntity
  8
0
100
AcDbBlockBegin
  2
block 13
 70
     0
 71
     0
 10
0.0
 20
0.0
 30
0.0
  3
block 13
  1

  0
SPLINE
  5
A2
330
9E
100
AcDbEntity
  8
Layer 3
370
     0
100
AcDbSpline
210
0.0
220
0.0
230
1.0
 70
    11
 71
     3
 72
    65
 73
    61
 74
     0
 42
0.0000000001
 43
0.0000000001
 40
0.0
 40
0.0
 40
0.0
 40
0.0
 40
1.0
 40
1.0
 40
1.0
 40
2.0
 40
2.0
 40
2.0
 40
3.0
 40
3.0
 40
3.0
 40
4.0
 40
4.0
 40
4.0
 40
5.0
 40
5.0
 40
5.0
 40
6.0
 40
6.0
 40
6.0
 40
7.0
 40
7.0
 40
7.0
 40
8.0
 40
8.0
 40
8.0
 40
9.0
 40
9.0
 40
9.0
 40
10.0
 40
10.0
 40
10.0
 40
11.0
 40
11.0
 40
11.0
 40
12.0
 40
12.0
 40
12.0
 40
13.0
 40
13.0
 40
13.0
 40
14.0
 40
14.0
 40
14.0
 40
15.0
 40
15.0
 40
15.0
 40
16.0
 40
16.0
 40
16.0
 40
17.0
 40
17.0
 40
17.0
 40
18.0
 40
18.0
 40
18.0
 40
19.0
 40
19.0
 40
19.0
 40
20.0
 40
20.0
 40
20.0
 40
20.0
 10
4.605281899774787
 20
5.398902214789961
 30
0.0
 10
4.605281899774787
 20
5.398902214789961
 30
0.0
 10
4.598161126849866
 20
5.398902214789961
 30
0.0
 10
4.598161126849866
 20
5.398902214789961
 30
0.0
 10
4.598161126849866
 20
5.398902214789961
 30
0.0
 10
4.596736972264882
 20
5.387224147193091
 30
0.0
 10
4.596736972264882
 20
5.387224147193091
 30
0.0
 10
4.596492831478884
 20
5.385230330774113
 30
0.0
 10
4.594702465714904
 20
5.383765486058129
 30
0.0
 10
4.592695085918926
 20
5.384036753598126
 30
0.0
 10
4.590755523007948
 20
5.384280894384124
 30
0.0
 10
4.589331368422964
 20
5.386125513656103
 30
0.0
 10
4.589575509208961
 20
5.388078639944081
 30
0.0
 10
4.589575509208961
 20
5.388078639944081
 30
0.0
 10
4.590904720154946
 20
5.398902214789961
 30
0.0
 10
4.590904720154946
 20
5.398902214789961
 30
0.0
 10
4.590904720154946
 20
5.398902214789961
 30
0.0
 10
4.563940726679246
 20
5.398902214789961
 30
0.0
 10
4.563940726679246
 20
5.398902214789961
 30
0.0
 10
4.562611515733261
 20
5.398902214789961
 30
0.0
 10
4.561417938557274
 20
5.399607510393953
 30
0.0
 10
4.560753333084282
 20
5.40080108756994
 30
0.0
 10
4.560142981119289
 20
5.401940411237927
 30
0.0
 10
4.560183671250288
 20
5.403364565822911
 30
0.0
 10
4.56090253023128
 20
5.404463199359899
 30
0.0
 10
4.56090253023128
 20
5.404463199359899
 30
0.0
 10
4.58786652370698
 20
5.446089203372436
 30
0.0
 10
4.58786652370698
 20
5.446089203372436
 30
0.0
 10
4.588951593866968
 20
5.447757498743417
 30
0.0
 10
4.591175987694943
 20
5.448218653561413
 30
0.0
 10
4.592884973196925
 20
5.447133583401425
 30
0.0
 10
4.594553268567906
 20
5.446048513241437
 30
0.0
 10
4.595027986762901
 20
5.443810556036461
 30
0.0
 10
4.593942916602913
 20
5.44214226066548
 30
0.0
 10
4.593942916602913
 20
5.44214226066548
 30
0.0
 10
4.570586781409173
 20
5.406117931353881
 30
0.0
 10
4.570586781409173
 20
5.406117931353881
 30
0.0
 10
4.570586781409173
 20
5.406117931353881
 30
0.0
 10
4.591745649528937
 20
5.406117931353881
 30
0.0
 10
4.591745649528937
 20
5.406117931353881
 30
0.0
 10
4.591745649528937
 20
5.406117931353881
 30
0.0
 10
4.593373254768919
 20
5.419315097174734
 30
0.0
 10
4.593373254768919
 20
5.419315097174734
 30
0.0
 10
4.593603832177917
 20
5.421308913593712
 30
0.0
 10
4.595462014826896
 20
5.422733068178696
 30
0.0
 10
4.597401577737874
 20
5.422502490769698
 30
0.0
 10
4.599395394156852
 20
5.422258349983701
 30
0.0
 10
4.600819548741836
 20
5.420454420842721
 30
0.0
 10
4.600588971332838
 20
5.418460604423744
 30
0.0
 10
4.600588971332838
 20
5.418460604423744
 30
0.0
 10
4.599069873108856
 20
5.406117931353881
 30
0.0
 10
4.599069873108856
 20
5.406117931353881
 30
0.0
 10
4.599069873108856
 20
5.406117931353881
 30
0.0
 10
4.605281899774787
 20
5.406117931353881
 30
0.0
 10
4.605281899774787
 20
5.406117931353881
 30
0.0
 10
4.607275716193764
 20
5.406117931353881
 30
0.0
 10
4.608889758056747
 20
5.404503889490899
 30
0.0
 10
4.608889758056747
 20
5.40251007307192
 30
0.0
 10
4.608889758056747
 20
5.400516256652943
 30
0.0
 10
4.607275716193764
 20
5.398902214789961
 30
0.0
 10
4.605281899774787
 20
5.398902214789961
 30
0.0
  0
HATCH
  5
A3
330
9E
100
AcDbEntity
  8
Layer 3
 62
     7
420
 16777215
100
AcDbHatch
 10
0.0
 20
0.0
 30
0.0
210
0.0
220
0.0
230
1.0
  2
SOLID
 70
     1
 71
     0
 91
        1
 92
        1
 93
        1
 72
     4
 94
        3
 73
     0
 74
     1
 95
       65
 96
       61
 40
0.0
 40
0.0
 40
0.0
 40
0.0
 40
1.0
 40
1.0
 40
1.0
 40
2.0
 40
2.0
 40
2.0
 40
3.0
 40
3.0
 40
3.0
 40
4.0
 40
4.0
 40
4.0
 40
5.0
 40
5.0
 40
5.0
 40
6.0
 40
6.0
 40
6.0
 40
7.0
 40
7.0
 40
7.0
 40
8.0
 40
8.0
 40
8.0
 40
9.0
 40
9.0
 40
9.0
 40
10.0
 40
10.0
 40
10.0
 40
11.0
 40
11.0
 40
11.0
 40
12.0
 40
12.0
 40
12.0
 40
13.0
 40
13.0
 40
13.0
 40
14.0
 40
14.0
 40
14.0
 40
15.0
 40
15.0
 40
15.0
 40
16.0
 40
16.0
 40
16.0
 40
17.0
 40
17.0
 40
17.0
 40
18.0
 40
18.0
 40
18.0
 40
19.0
 40
19.0
 40
19.0
 40
20.0
 40
20.0
 40
20.0
 40
20.0
 10
4.605281899774787
 20
5.398902214789961
 10
4.605281899774787
 20
5.398902214789961
 10
4.598161126849866
 20
5.398902214789961
 10
4.598161126849866
 20
5.398902214789961
 10
4.598161126849866
 20
5.398902214789961
 10
4.596736972264882
 20
5.387224147193091
 10
4.596736972264882
 20
5.387224147193091
 10
4.596492831478884
 20
5.385230330774113
 10
4.594702465714904
 20
5.383765486058129
 10
4.592695085918926
 20
5.384036753598126
 10
4.590755523007948
 20
5.384280894384124
 10
4.589331368422964
 20
5.386125513656103
 10
4.589575509208961
 20
5.388078639944081
 10
4.589575509208961
 20
5.388078639944081
 10
4.590904720154946
 20
5.398902214789961
 10
4.590904720154946
 20
5.398902214789961
 10
4.590904720154946
 20
5.398902214789961
 10
4.563940726679246
 20
5.398902214789961
 10
4.563940726679246
 20
5.398902214789961
 10
4.562611515733261
 20
5.398902214789961
 10
4.561417938557274
 20
5.399607510393953
 10
4.560753333084282
 20
5.40080108756994
 10
4.560142981119289
 20
5.401940411237927
 10
4.560183671250288
 20
5.403364565822911
 10
4.56090253023128
 20
5.404463199359899
 10
4.56090253023128
 20
5.404463199359899
 10
4.58786652370698
 20
5.446089203372436
 10
4.58786652370698
 20
5.446089203372436
 10
4.588951593866968
 20
5.447757498743417
 10
4.591175987694943
 20
5.448218653561413
 10
4.592884973196925
 20
5.447133583401425
 10
4.594553268567906
 20
5.446048513241437
 10
4.595027986762901
 20
5.443810556036461
 10
4.593942916602913
 20
5.44214226066548
 10
4.593942916602913
 20
5.44214226066548
 10
4.570586781409173
 20
5.406117931353881
 10
4.570586781409173
 20
5.406117931353881
 10
4.570586781409173
 20
5.406117931353881
 10
4.591745649528937
 20
5.406117931353881
 10
4.591745649528937
 20
5.406117931353881
 10
4.591745649528937
 20
5.406117931353881
 10
4.593373254768919
 20
5.419315097174734
 10
4.593373254768919
 20
5.419315097174734
 10
4.593603832177917
 20
5.421308913593712
 10
4.595462014826896
 20
5.422733068178696
 10
4.597401577737874
 20
5.422502490769698
 10
4.599395394156852
 20
5.422258349983701
 10
4.600819548741836
 20
5.420454420842721
 10
4.600588971332838
 20
5.418460604423744
 10
4.600588971332838
 20
5.418460604423744
 10
4.599069873108856
 20
5.406117931353881
 10
4.599069873108856
 20
5.406117931353881
 10
4.599069873108856
 20
5.406117931353881
 10
4.605281899774787
 20
5.406117931353881
 10
4.605281899774787
 20
5.406117931353881
 10
4.607275716193764
 20
5.406117931353881
 10
4.608889758056747
 20
5.404503889490899
 10
4.608889758056747
 20
5.40251007307192
 10
4.608889758056747
 20
5.400516256652943
 10
4.607275716193764
 20
5.398902214789961
 10
4.605281899774787
 20
5.398902214789961
 97
        0
 75
     2
 76
     1
 98
        0
  0
ENDBLK
  5
A1
330
9E
100
AcDbEntity
  8
0
100
AcDbBlockEnd
  0
BLOCK
  5
A7
330
A5
100
AcDbEntity
  8
0
100
AcDbBlockBegin
  2
block 14
 70
     0
 71
     0
 10
0.0
 20
0.0
 30
0.0
  3
block 14
  1

  0
POLYLINE
  5
A9
330
A5
100
AcDbEntity
  8
cut
 62
   253
420
 10987948
370
    18
100
AcDb2dPolyline
 66
     1
 10
0.0
 20
0.0
 30
0.0
  0
VERTEX
  5
AA
330
A9
100
AcDbEntity
  8
cut
 62
   253
420
 10987948
370
    18
100
AcDbVertex
100
AcDb2dVertex
 10
3.475005004246356
 20
2.999974851580638
 30
0.0
  0
VERTEX
  5
AB
330
A9
100
AcDbEntity
  8
cut
 62
   253
420
 10987948
370
    18
100
AcDbVertex
100
AcDb2dVertex
 10
4.675024784308011
 20
2.999974851580638
 30
0.0
  0
SEQEND
  5
AC
330
A9
100
AcDbEntity
  8
cut
370
    18
  0
ENDBLK
  5
A8
330
A5
100
AcDbEntity
  8
0
100
AcDbBlockEnd
  0
BLOCK
  5
AF
330
AD
100
AcDbEntity
  8
0
100
AcDbBlockBegin
  2
block 15
 70
     0
 71
     0
 10
0.0
 20
0.0
 30
0.0
  3
block 15
  1

  0
POLYLINE
  5
B1
330
AD
100
AcDbEntity
  8
cut
 62
   253
420
 10987948
370
    18
100
AcDb2dPolyline
 66
     1
 10
0.0
 20
0.0
 30
0.0
  0
VERTEX
  5
B2
330
B1
100
AcDbEntity
  8
cut
 62
   253
420
 10987948
370
    18
100
AcDbVertex
100
AcDb2dVertex
 10
4.675024784308011
 20
2.999974851580638
 30
0.0
  0
VERTEX
  5
B3
330
B1
100
AcDbEntity
  8
cut
 62
   253
420
 10987948
370
    18
100
AcDbVertex
100
AcDb2dVertex
 10
4.675024784308011
 20
8.05000666486898
 30
0.0
  0
SEQEND
  5
B4
330
B1
100
AcDbEntity
  8
cut
370
    18
  0
ENDBLK
  5
B0
330
AD
100
AcDbEntity
  8
0
100
AcDbBlockEnd
  0
BLOCK
  5
B7
330
B5
100
AcDbEntity
  8
0
100
AcDbBlockBegin
  2
block 16
 70
     0
 71
     0
 10
0.0
 20
0.0
 30
0.0
  3
block 16
  1

  0
POLYLINE
  5
B9
330
B5
100
AcDbEntity
  8
cut
 62
   253
420
 10987948
370
    18
100
AcDb2dPolyline
 66
     1
 10
0.0
 20
0.0
 30
0.0
  0
VERTEX
  5
BA
330
B9
100
AcDbEntity
  8
cut
 62
   253
420
 10987948
370
    18
100
AcDbVertex
100
AcDb2dVertex
 10
4.675024784308011
 20
8.05000666486898
 30
0.0
  0
VERTEX
  5
BB
330
B9
100
AcDbEntity
  8
cut
 62
   253
420
 10987948
370
    18
100
AcDbVertex
100
AcDb2dVertex
 10
3.475005004246356
 20
8.05000666486898
 30
0.0
  0
SEQEND
  5
BC
330
B9
100
AcDbEntity
  8
cut
370
    18
  0
ENDBLK
  5
B8
330
B5
100
AcDbEntity
  8
0
100
AcDbBlockEnd
  0
BLOCK
  5
BF
330
BD
100
AcDbEntity
  8
0
100
AcDbBlockBegin
  2
block 17
 70
     0
 71
     0
 10
0.0
 20
0.0
 30
0.0
  3
block 17
  1

  0
POLYLINE
  5
C1
330
BD
100
AcDbEntity
  8
cut
 62
   253
420
 10987948
370
    18
100
AcDb2dPolyline
 66
     1
 10
0.0
 20
0.0
 30
0.0
  0
VERTEX
  5
C2
330
C1
100
AcDbEntity
  8
cut
 62
   253
420
 10987948
370
    18
100
AcDbVertex
100
AcDb2dVertex
 10
3.475005004246356
 20
8.05000666486898
 30
0.0
  0
VERTEX
  5
C3
330
C1
100
AcDbEntity
  8
cut
 62
   253
420
 10987948
370
    18
100
AcDbVertex
100
AcDb2dVertex
 10
3.475005004246356
 20
2.999974851580638
 30
0.0
  0
SEQEND
  5
C4
330
C1
100
AcDbEntity
  8
cut
370
    18
  0
ENDBLK
  5
C0
330
BD
100
AcDbEntity
  8
0
100
AcDbBlockEnd
  0
BLOCK
  5
C7
330
C5
100
AcDbEntity
  8
0
100
AcDbBlockBegin
  2
block 18
 70
     0
 71
     0
 10
0.0
 20
0.0
 30
0.0
  3
block 18
  1

  0
POLYLINE
  5
C9
330
C5
100
AcDbEntity
  8
cut
 62
   253
420
 10987948
370
    18
100
AcDb2dPolyline
 66
     1
 10
0.0
 20
0.0
 30
0.0
  0
VERTEX
  5
CA
330
C9
100
AcDbEntity
  8
cut
 62
   253
420
 10987948
370
    18
100
AcDbVertex
100
AcDb2dVertex
 10
3.625009172176188
 20
3.549969788924522
 30
0.0
  0
VERTEX
  5
CB
330
C9
100
AcDbEntity
  8
cut
 62
   253
420
 10987948
370
    18
100
AcDbVertex
100
AcDb2dVertex
 10
3.625009172176188
 20
3.399958839306191
 30
0.0
  0
SEQEND
  5
CC
330
C9
100
AcDbEntity
  8
cut
370
    18
  0
ENDBLK
  5
C8
330
C5
100
AcDbEntity
  8
0
100
AcDbBlockEnd
  0
BLOCK
  5
CF
330
CD
100
AcDbEntity
  8
0
100
AcDbBlockBegin
  2
block 19
 70
     0
 71
     0
 10
0.0
 20
0.0
 30
0.0
  3
block 19
  1

  0
SPLINE
  5
D1
330
CD
100
AcDbEntity
  8
cut
 62
   253
420
 10987948
370
    18
100
AcDbSpline
210
0.0
220
0.0
230
1.0
 70
     8
 71
     3
 72
    11
 73
     7
 74
     0
 42
0.0000000001
 43
0.0000000001
 40
0.0
 40
0.0
 40
0.0
 40
0.0
 40
1.0
 40
1.0
 40
1.0
 40
2.0
 40
2.0
 40
2.0
 40
2.0
 10
3.625009172176188
 20
3.399958839306191
 30
0.0
 10
3.625009172176188
 20
3.386178448274344
 30
0.0
 10
3.636198958201063
 20
3.374975098872468
 30
0.0
 10
3.65001325767541
 20
3.374975098872468
 30
0.0
 10
3.65001325767541
 20
3.374975098872468
 30
0.0
 10
3.65001325767541
 20
3.374975098872468
 30
0.0
 10
3.65001325767541
 20
3.374975098872468
 30
0.0
  0
ENDBLK
  5
D0
330
CD
100
AcDbEntity
  8
0
100
AcDbBlockEnd
  0
BLOCK
  5
D4
330
D2
100
AcDbEntity
  8
0
100
AcDbBlockBegin
  2
block 20
 70
     0
 71
     0
 10
0.0
 20
0.0
 30
0.0
  3
block 20
  1

  0
POLYLINE
  5
D6
330
D2
100
AcDbEntity
  8
cut
 62
   253
420
 10987948
370
    18
100
AcDb2dPolyline
 66
     1
 10
0.0
 20
0.0
 30
0.0
  0
VERTEX
  5
D7
330
D6
100
AcDbEntity
  8
cut
 62
   253
420
 10987948
370
    18
100
AcDbVertex
100
AcDb2dVertex
 10
3.65001325767541
 20
3.374975098872468
 30
0.0
  0
VERTEX
  5
D8
330
D6
100
AcDbEntity
  8
cut
 62
   253
420
 10987948
370
    18
100
AcDbVertex
100
AcDb2dVertex
 10
4.100012198087906
 20
3.374975098872468
 30
0.0
  0
SEQEND
  5
D9
330
D6
100
AcDbEntity
  8
cut
370
    18
  0
ENDBLK
  5
D5
330
D2
100
AcDbEntity
  8
0
100
AcDbBlockEnd
  0
BLOCK
  5
DC
330
DA
100
AcDbEntity
  8
0
100
AcDbBlockBegin
  2
block 21
 70
     0
 71
     0
 10
0.0
 20
0.0
 30
0.0
  3
block 21
  1

  0
SPLINE
  5
DE
330
DA
100
AcDbEntity
  8
cut
 62
   253
420
 10987948
370
    18
100
AcDbSpline
210
0.0
220
0.0
230
1.0
 70
     8
 71
     3
 72
    11
 73
     7
 74
     0
 42
0.0000000001
 43
0.0000000001
 40
0.0
 40
0.0
 40
0.0
 40
0.0
 40
1.0
 40
1.0
 40
1.0
 40
2.0
 40
2.0
 40
2.0
 40
2.0
 10
4.100012198087906
 20
3.374975098872468
 30
0.0
 10
4.113819715873752
 20
3.374975098872468
 30
0.0
 10
4.125023065275627
 20
3.386178448274344
 30
0.0
 10
4.125023065275627
 20
3.399958839306191
 30
0.0
 10
4.125023065275627
 20
3.399958839306191
 30
0.0
 10
4.125023065275627
 20
3.399958839306191
 30
0.0
 10
4.125023065275627
 20
3.399958839306191
 30
0.0
  0
ENDBLK
  5
DD
330
DA
100
AcDbEntity
  8
0
100
AcDbBlockEnd
  0
BLOCK
  5
E1
330
DF
100
AcDbEntity
  8
0
100
AcDbBlockBegin
  2
block 22
 70
     0
 71
     0
 10
0.0
 20
0.0
 30
0.0
  3
block 22
  1

  0
POLYLINE
  5
E3
330
DF
100
AcDbEntity
  8
cut
 62
   253
420
 10987948
370
    18
100
AcDb2dPolyline
 66
     1
 10
0.0
 20
0.0
 30
0.0
  0
VERTEX
  5
E4
330
E3
100
AcDbEntity
  8
cut
 62
   253
420
 10987948
370
    18
100
AcDbVertex
100
AcDb2dVertex
 10
4.125023065275627
 20
3.399958839306191
 30
0.0
  0
VERTEX
  5
E5
330
E3
100
AcDbEntity
  8
cut
 62
   253
420
 10987948
370
    18
100
AcDbVertex
100
AcDb2dVertex
 10
4.125023065275627
 20
3.549969788924522
 30
0.0
  0
SEQEND
  5
E6
330
E3
100
AcDbEntity
  8
cut
370
    18
  0
ENDBLK
  5
E2
330
DF
100
AcDbEntity
  8
0
100
AcDbBlockEnd
  0
BLOCK
  5
E9
330
E7
100
AcDbEntity
  8
0
100
AcDbBlockBegin
  2
block 23
 70
     0
 71
     0
 10
0.0
 20
0.0
 30
0.0
  3
block 23
  1

  0
SPLINE
  5
EB
330
E7
100
AcDbEntity
  8
cut
 62
   253
420
 10987948
370
    18
100
AcDbSpline
210
0.0
220
0.0
230
1.0
 70
     8
 71
     3
 72
    11
 73
     7
 74
     0
 42
0.0000000001
 43
0.0000000001
 40
0.0
 40
0.0
 40
0.0
 40
0.0
 40
1.0
 40
1.0
 40
1.0
 40
2.0
 40
2.0
 40
2.0
 40
2.0
 10
4.125023065275627
 20
3.549969788924522
 30
0.0
 10
4.125023065275627
 20
3.563777306710369
 30
0.0
 10
4.113819715873752
 20
3.574953529358244
 30
0.0
 10
4.100012198087906
 20
3.574953529358244
 30
0.0
 10
4.100012198087906
 20
3.574953529358244
 30
0.0
 10
4.100012198087906
 20
3.574953529358244
 30
0.0
 10
4.100012198087906
 20
3.574953529358244
 30
0.0
  0
ENDBLK
  5
EA
330
E7
100
AcDbEntity
  8
0
100
AcDbBlockEnd
  0
BLOCK
  5
EE
330
EC
100
AcDbEntity
  8
0
100
AcDbBlockBegin
  2
block 24
 70
     0
 71
     0
 10
0.0
 20
0.0
 30
0.0
  3
block 24
  1

  0
POLYLINE
  5
F0
330
EC
100
AcDbEntity
  8
cut
 62
   253
420
 10987948
370
    18
100
AcDb2dPolyline
 66
     1
 10
0.0
 20
0.0
 30
0.0
  0
VERTEX
  5
F1
330
F0
100
AcDbEntity
  8
cut
 62
   253
420
 10987948
370
    18
100
AcDbVertex
100
AcDb2dVertex
 10
4.100012198087906
 20
3.574953529358244
 30
0.0
  0
VERTEX
  5
F2
330
F0
100
AcDbEntity
  8
cut
 62
   253
420
 10987948
370
    18
100
AcDbVertex
100
AcDb2dVertex
 10
3.65001325767541
 20
3.574953529358244
 30
0.0
  0
SEQEND
  5
F3
330
F0
100
AcDbEntity
  8
cut
370
    18
  0
ENDBLK
  5
EF
330
EC
100
AcDbEntity
  8
0
100
AcDbBlockEnd
  0
BLOCK
  5
F6
330
F4
100
AcDbEntity
  8
0
100
AcDbBlockBegin
  2
block 25
 70
     0
 71
     0
 10
0.0
 20
0.0
 30
0.0
  3
block 25
  1

  0
SPLINE
  5
F8
330
F4
100
AcDbEntity
  8
cut
 62
   253
420
 10987948
370
    18
100
AcDbSpline
210
0.0
220
0.0
230
1.0
 70
     8
 71
     3
 72
    11
 73
     7
 74
     0
 42
0.0000000001
 43
0.0000000001
 40
0.0
 40
0.0
 40
0.0
 40
0.0
 40
1.0
 40
1.0
 40
1.0
 40
2.0
 40
2.0
 40
2.0
 40
2.0
 10
3.65001325767541
 20
3.574953529358244
 30
0.0
 10
3.636198958201063
 20
3.574953529358244
 30
0.0
 10
3.625009172176188
 20
3.563777306710369
 30
0.0
 10
3.625009172176188
 20
3.549969788924522
 30
0.0
 10
3.625009172176188
 20
3.549969788924522
 30
0.0
 10
3.625009172176188
 20
3.549969788924522
 30
0.0
 10
3.625009172176188
 20
3.549969788924522
 30
0.0
  0
ENDBLK
  5
F7
330
F4
100
AcDbEntity
  8
0
100
AcDbBlockEnd
  0
BLOCK
  5
FB
330
F9
100
AcDbEntity
  8
0
100
AcDbBlockBegin
  2
block 26
 70
     0
 71
     0
 10
0.0
 20
0.0
 30
0.0
  3
block 26
  1

  0
SPLINE
  5
FD
330
F9
100
AcDbEntity
  8
cut
 62
   253
420
 10987948
370
    18
100
AcDbSpline
210
0.0
220
0.0
230
1.0
 70
    11
 71
     3
 72
    23
 73
    19
 74
     0
 42
0.0000000001
 43
0.0000000001
 40
0.0
 40
0.0
 40
0.0
 40
0.0
 40
1.0
 40
1.0
 40
1.0
 40
2.0
 40
2.0
 40
2.0
 40
3.0
 40
3.0
 40
3.0
 40
4.0
 40
4.0
 40
4.0
 40
5.0
 40
5.0
 40
5.0
 40
6.0
 40
6.0
 40
6.0
 40
6.0
 10
4.507530641736873
 20
3.475005004246356
 30
0.0
 10
4.507530641736873
 20
3.534331215243696
 30
0.0
 10
4.459380653387409
 20
3.582467640216161
 30
0.0
 10
4.40001375225907
 20
3.582467640216161
 30
0.0
 10
4.340673977884729
 20
3.582467640216161
 30
0.0
 10
4.292523989535264
 20
3.534331215243696
 30
0.0
 10
4.292523989535264
 20
3.475005004246356
 30
0.0
 10
4.292523989535264
 20
3.415597412987017
 30
0.0
 10
4.340673977884729
 20
3.367460988014552
 30
0.0
 10
4.40001375225907
 20
3.367460988014552
 30
0.0
 10
4.459380653387409
 20
3.367460988014552
 30
0.0
 10
4.507530641736873
 20
3.415597412987017
 30
0.0
 10
4.507530641736873
 20
3.475005004246356
 30
0.0
 10
4.507530641736873
 20
3.475005004246356
 30
0.0
 10
4.507530641736873
 20
3.475005004246356
 30
0.0
 10
4.507530641736873
 20
3.475005004246356
 30
0.0
 10
4.507530641736873
 20
3.475005004246356
 30
0.0
 10
4.507530641736873
 20
3.475005004246356
 30
0.0
 10
4.507530641736873
 20
3.475005004246356
 30
0.0
  0
ENDBLK
  5
FC
330
F9
100
AcDbEntity
  8
0
100
AcDbBlockEnd
  0
BLOCK
  5
100
330
FE
100
AcDbEntity
  8
0
100
AcDbBlockBegin
  2
block 27
 70
     0
 71
     0
 10
0.0
 20
0.0
 30
0.0
  3
block 27
  1

  0
SPLINE
  5
102
330
FE
100
AcDbEntity
  8
cut
 62
   253
420
 10987948
370
    18
100
AcDbSpline
210
0.0
220
0.0
230
1.0
 70
    11
 71
     3
 72
    23
 73
    19
 74
     0
 42
0.0000000001
 43
0.0000000001
 40
0.0
 40
0.0
 40
0.0
 40
0.0
 40
1.0
 40
1.0
 40
1.0
 40
2.0
 40
2.0
 40
2.0
 40
3.0
 40
3.0
 40
3.0
 40
4.0
 40
4.0
 40
4.0
 40
5.0
 40
5.0
 40
5.0
 40
6.0
 40
6.0
 40
6.0
 40
6.0
 10
4.646528129231328
 20
5.574988756690503
 30
0.0
 10
4.646528129231328
 20
5.60758155162114
 30
0.0
 10
4.620106670835622
 20
5.633982664951347
 30
0.0
 10
4.587541002658984
 20
5.633982664951347
 30
0.0
 10
4.554948207728346
 20
5.633982664951347
 30
0.0
 10
4.52852674933264
 20
5.60758155162114
 30
0.0
 10
4.52852674933264
 20
5.574988756690503
 30
0.0
 10
4.52852674933264
 20
5.542409525136865
 30
0.0
 10
4.554948207728346
 20
5.515994848429659
 30
0.0
 10
4.587541002658984
 20
5.515994848429659
 30
0.0
 10
4.620106670835622
 20
5.515994848429659
 30
0.0
 10
4.646528129231328
 20
5.542409525136865
 30
0.0
 10
4.646528129231328
 20
5.574988756690503
 30
0.0
 10
4.646528129231328
 20
5.574988756690503
 30
0.0
 10
4.646528129231328
 20
5.574988756690503
 30
0.0
 10
4.646528129231328
 20
5.574988756690503
 30
0.0
 10
4.646528129231328
 20
5.574988756690503
 30
0.0
 10
4.646528129231328
 20
5.574988756690503
 30
0.0
 10
4.646528129231328
 20
5.574988756690503
 30
0.0
  0
ENDBLK
  5
101
330
FE
100
AcDbEntity
  8
0
100
AcDbBlockEnd
  0
BLOCK
  5
105
330
103
100
AcDbEntity
  8
0
100
AcDbBlockBegin
  2
block 28
 70
     0
 71
     0
 10
0.0
 20
0.0
 30
0.0
  3
block 28
  1

  0
SPLINE
  5
107
330
103
100
AcDbEntity
  8
cut
 62
   253
420
 10987948
370
    18
100
AcDbSpline
210
0.0
220
0.0
230
1.0
 70
    11
 71
     3
 72
    23
 73
    19
 74
     0
 42
0.0000000001
 43
0.0000000001
 40
0.0
 40
0.0
 40
0.0
 40
0.0
 40
1.0
 40
1.0
 40
1.0
 40
2.0
 40
2.0
 40
2.0
 40
3.0
 40
3.0
 40
3.0
 40
4.0
 40
4.0
 40
4.0
 40
5.0
 40
5.0
 40
5.0
 40
6.0
 40
6.0
 40
6.0
 40
6.0
 10
4.646528129231328
 20
4.224991935453016
 30
0.0
 10
4.646528129231328
 20
4.257557603629653
 30
0.0
 10
4.620106670835622
 20
4.283979062025359
 30
0.0
 10
4.587541002658984
 20
4.283979062025359
 30
0.0
 10
4.554948207728346
 20
4.283979062025359
 30
0.0
 10
4.52852674933264
 20
4.257557603629653
 30
0.0
 10
4.52852674933264
 20
4.224991935453016
 30
0.0
 10
4.52852674933264
 20
4.192399140522378
 30
0.0
 10
4.554948207728346
 20
4.165977682126671
 30
0.0
 10
4.587541002658984
 20
4.165977682126671
 30
0.0
 10
4.620106670835622
 20
4.165977682126671
 30
0.0
 10
4.646528129231328
 20
4.192399140522378
 30
0.0
 10
4.646528129231328
 20
4.224991935453016
 30
0.0
 10
4.646528129231328
 20
4.224991935453016
 30
0.0
 10
4.646528129231328
 20
4.224991935453016
 30
0.0
 10
4.646528129231328
 20
4.224991935453016
 30
0.0
 10
4.646528129231328
 20
4.224991935453016
 30
0.0
 10
4.646528129231328
 20
4.224991935453016
 30
0.0
 10
4.646528129231328
 20
4.224991935453016
 30
0.0
  0
ENDBLK
  5
106
330
103
100
AcDbEntity
  8
0
100
AcDbBlockEnd
  0
BLOCK
  5
10A
330
108
100
AcDbEntity
  8
0
100
AcDbBlockBegin
  2
block 29
 70
     0
 71
     0
 10
0.0
 20
0.0
 30
0.0
  3
block 29
  1

  0
SPLINE
  5
10C
330
108
100
AcDbEntity
  8
cut
 62
   253
420
 10987948
370
    18
100
AcDbSpline
210
0.0
220
0.0
230
1.0
 70
    11
 71
     3
 72
    23
 73
    19
 74
     0
 42
0.0000000001
 43
0.0000000001
 40
0.0
 40
0.0
 40
0.0
 40
0.0
 40
1.0
 40
1.0
 40
1.0
 40
2.0
 40
2.0
 40
2.0
 40
3.0
 40
3.0
 40
3.0
 40
4.0
 40
4.0
 40
4.0
 40
5.0
 40
5.0
 40
5.0
 40
6.0
 40
6.0
 40
6.0
 40
6.0
 10
3.621509820910227
 20
6.049991782602221
 30
0.0
 10
3.621509820910227
 20
6.082577795844358
 30
0.0
 10
3.59509514420302
 20
6.108992472551565
 30
0.0
 10
3.562509130960883
 20
6.108992472551565
 30
0.0
 10
3.529923117718745
 20
6.108992472551565
 30
0.0
 10
3.503515222700039
 20
6.082577795844358
 30
0.0
 10
3.503515222700039
 20
6.049991782602221
 30
0.0
 10
3.503515222700039
 20
6.017405769360082
 30
0.0
 10
3.529923117718745
 20
5.990997874341376
 30
0.0
 10
3.562509130960883
 20
5.990997874341376
 30
0.0
 10
3.59509514420302
 20
5.990997874341376
 30
0.0
 10
3.621509820910227
 20
6.017405769360082
 30
0.0
 10
3.621509820910227
 20
6.049991782602221
 30
0.0
 10
3.621509820910227
 20
6.049991782602221
 30
0.0
 10
3.621509820910227
 20
6.049991782602221
 30
0.0
 10
3.621509820910227
 20
6.049991782602221
 30
0.0
 10
3.621509820910227
 20
6.049991782602221
 30
0.0
 10
3.621509820910227
 20
6.049991782602221
 30
0.0
 10
3.621509820910227
 20
6.049991782602221
 30
0.0
  0
ENDBLK
  5
10B
330
108
100
AcDbEntity
  8
0
100
AcDbBlockEnd
  0
BLOCK
  5
10F
330
10D
100
AcDbEntity
  8
0
100
AcDbBlockBegin
  2
block 30
 70
     0
 71
     0
 10
0.0
 20
0.0
 30
0.0
  3
block 30
  1

  0
SPLINE
  5
111
330
10D
100
AcDbEntity
  8
cut
 62
   253
420
 10987948
370
    18
100
AcDbSpline
210
0.0
220
0.0
230
1.0
 70
    11
 71
     3
 72
    23
 73
    19
 74
     0
 42
0.0000000001
 43
0.0000000001
 40
0.0
 40
0.0
 40
0.0
 40
0.0
 40
1.0
 40
1.0
 40
1.0
 40
2.0
 40
2.0
 40
2.0
 40
3.0
 40
3.0
 40
3.0
 40
4.0
 40
4.0
 40
4.0
 40
5.0
 40
5.0
 40
5.0
 40
6.0
 40
6.0
 40
6.0
 40
6.0
 10
3.621509820910227
 20
6.54999889401316
 30
0.0
 10
3.621509820910227
 20
6.582578125566798
 30
0.0
 10
3.59509514420302
 20
6.608992802274004
 30
0.0
 10
3.562509130960883
 20
6.608992802274004
 30
0.0
 10
3.529923117718745
 20
6.608992802274004
 30
0.0
 10
3.503515222700039
 20
6.582578125566798
 30
0.0
 10
3.503515222700039
 20
6.54999889401316
 30
0.0
 10
3.503515222700039
 20
6.517419662459522
 30
0.0
 10
3.529923117718745
 20
6.491004985752316
 30
0.0
 10
3.562509130960883
 20
6.491004985752316
 30
0.0
 10
3.59509514420302
 20
6.491004985752316
 30
0.0
 10
3.621509820910227
 20
6.517419662459522
 30
0.0
 10
3.621509820910227
 20
6.54999889401316
 30
0.0
 10
3.621509820910227
 20
6.54999889401316
 30
0.0
 10
3.621509820910227
 20
6.54999889401316
 30
0.0
 10
3.621509820910227
 20
6.54999889401316
 30
0.0
 10
3.621509820910227
 20
6.54999889401316
 30
0.0
 10
3.621509820910227
 20
6.54999889401316
 30
0.0
 10
3.621509820910227
 20
6.54999889401316
 30
0.0
  0
ENDBLK
  5
110
330
10D
100
AcDbEntity
  8
0
100
AcDbBlockEnd
  0
BLOCK
  5
114
330
112
100
AcDbEntity
  8
0
100
AcDbBlockBegin
  2
block 31
 70
     0
 71
     0
 10
0.0
 20
0.0
 30
0.0
  3
block 31
  1

  0
SPLINE
  5
116
330
112
100
AcDbEntity
  8
cut
 62
   253
420
 10987948
370
    18
100
AcDbSpline
210
0.0
220
0.0
230
1.0
 70
    11
 71
     3
 72
    23
 73
    19
 74
     0
 42
0.0000000001
 43
0.0000000001
 40
0.0
 40
0.0
 40
0.0
 40
0.0
 40
1.0
 40
1.0
 40
1.0
 40
2.0
 40
2.0
 40
2.0
 40
3.0
 40
3.0
 40
3.0
 40
4.0
 40
4.0
 40
4.0
 40
5.0
 40
5.0
 40
5.0
 40
6.0
 40
6.0
 40
6.0
 40
6.0
 10
4.646528129231328
 20
6.074995868101443
 30
0.0
 10
4.646528129231328
 20
6.10757509965508
 30
0.0
 10
4.620106670835622
 20
6.133989776362286
 30
0.0
 10
4.587541002658984
 20
6.133989776362286
 30
0.0
 10
4.554948207728346
 20
6.133989776362286
 30
0.0
 10
4.52852674933264
 20
6.10757509965508
 30
0.0
 10
4.52852674933264
 20
6.074995868101443
 30
0.0
 10
4.52852674933264
 20
6.042416636547805
 30
0.0
 10
4.554948207728346
 20
6.016001959840598
 30
0.0
 10
4.587541002658984
 20
6.016001959840598
 30
0.0
 10
4.620106670835622
 20
6.016001959840598
 30
0.0
 10
4.646528129231328
 20
6.042416636547805
 30
0.0
 10
4.646528129231328
 20
6.074995868101443
 30
0.0
 10
4.646528129231328
 20
6.074995868101443
 30
0.0
 10
4.646528129231328
 20
6.074995868101443
 30
0.0
 10
4.646528129231328
 20
6.074995868101443
 30
0.0
 10
4.646528129231328
 20
6.074995868101443
 30
0.0
 10
4.646528129231328
 20
6.074995868101443
 30
0.0
 10
4.646528129231328
 20
6.074995868101443
 30
0.0
  0
ENDBLK
  5
115
330
112
100
AcDbEntity
  8
0
100
AcDbBlockEnd
  0
BLOCK
  5
119
330
117
100
AcDbEntity
  8
0
100
AcDbBlockBegin
  2
block 32
 70
     0
 71
     0
 10
0.0
 20
0.0
 30
0.0
  3
block 32
  1

  0
SPLINE
  5
11B
330
117
100
AcDbEntity
  8
cut
 62
   253
420
 10987948
370
    18
100
AcDbSpline
210
0.0
220
0.0
230
1.0
 70
    11
 71
     3
 72
    23
 73
    19
 74
     0
 42
0.0000000001
 43
0.0000000001
 40
0.0
 40
0.0
 40
0.0
 40
0.0
 40
1.0
 40
1.0
 40
1.0
 40
2.0
 40
2.0
 40
2.0
 40
3.0
 40
3.0
 40
3.0
 40
4.0
 40
4.0
 40
4.0
 40
5.0
 40
5.0
 40
5.0
 40
6.0
 40
6.0
 40
6.0
 40
6.0
 10
4.646528129231328
 20
6.574996197823882
 30
0.0
 10
4.646528129231328
 20
6.60756864768902
 30
0.0
 10
4.620106670835622
 20
6.633990106084726
 30
0.0
 10
4.587541002658984
 20
6.633990106084726
 30
0.0
 10
4.554948207728346
 20
6.633990106084726
 30
0.0
 10
4.52852674933264
 20
6.60756864768902
 30
0.0
 10
4.52852674933264
 20
6.574996197823882
 30
0.0
 10
4.52852674933264
 20
6.542416966270244
 30
0.0
 10
4.554948207728346
 20
6.516002289563038
 30
0.0
 10
4.587541002658984
 20
6.516002289563038
 30
0.0
 10
4.620106670835622
 20
6.516002289563038
 30
0.0
 10
4.646528129231328
 20
6.542416966270244
 30
0.0
 10
4.646528129231328
 20
6.574996197823882
 30
0.0
 10
4.646528129231328
 20
6.574996197823882
 30
0.0
 10
4.646528129231328
 20
6.574996197823882
 30
0.0
 10
4.646528129231328
 20
6.574996197823882
 30
0.0
 10
4.646528129231328
 20
6.574996197823882
 30
0.0
 10
4.646528129231328
 20
6.574996197823882
 30
0.0
 10
4.646528129231328
 20
6.574996197823882
 30
0.0
  0
ENDBLK
  5
11A
330
117
100
AcDbEntity
  8
0
100
AcDbBlockEnd
  0
BLOCK
  5
11E
330
11C
100
AcDbEntity
  8
0
100
AcDbBlockBegin
  2
block 33
 70
     0
 71
     0
 10
0.0
 20
0.0
 30
0.0
  3
block 33
  1

  0
SPLINE
  5
120
330
11C
100
AcDbEntity
  8
cut
 62
   253
420
 10987948
370
    18
100
AcDbSpline
210
0.0
220
0.0
230
1.0
 70
    11
 71
     3
 72
    23
 73
    19
 74
     0
 42
0.0000000001
 43
0.0000000001
 40
0.0
 40
0.0
 40
0.0
 40
0.0
 40
1.0
 40
1.0
 40
1.0
 40
2.0
 40
2.0
 40
2.0
 40
3.0
 40
3.0
 40
3.0
 40
4.0
 40
4.0
 40
4.0
 40
5.0
 40
5.0
 40
5.0
 40
6.0
 40
6.0
 40
6.0
 40
6.0
 10
4.646528129231328
 20
7.074996527546322
 30
0.0
 10
4.646528129231328
 20
7.107582540788459
 30
0.0
 10
4.620106670835622
 20
7.133997217495666
 30
0.0
 10
4.587541002658984
 20
7.133997217495666
 30
0.0
 10
4.554948207728346
 20
7.133997217495666
 30
0.0
 10
4.52852674933264
 20
7.107582540788459
 30
0.0
 10
4.52852674933264
 20
7.074996527546322
 30
0.0
 10
4.52852674933264
 20
7.042417295992684
 30
0.0
 10
4.554948207728346
 20
7.016002619285478
 30
0.0
 10
4.587541002658984
 20
7.016002619285478
 30
0.0
 10
4.620106670835622
 20
7.016002619285478
 30
0.0
 10
4.646528129231328
 20
7.042417295992684
 30
0.0
 10
4.646528129231328
 20
7.074996527546322
 30
0.0
 10
4.646528129231328
 20
7.074996527546322
 30
0.0
 10
4.646528129231328
 20
7.074996527546322
 30
0.0
 10
4.646528129231328
 20
7.074996527546322
 30
0.0
 10
4.646528129231328
 20
7.074996527546322
 30
0.0
 10
4.646528129231328
 20
7.074996527546322
 30
0.0
 10
4.646528129231328
 20
7.074996527546322
 30
0.0
  0
ENDBLK
  5
11F
330
11C
100
AcDbEntity
  8
0
100
AcDbBlockEnd
  0
BLOCK
  5
123
330
121
100
AcDbEntity
  8
0
100
AcDbBlockBegin
  2
block 34
 70
     0
 71
     0
 10
0.0
 20
0.0
 30
0.0
  3
block 34
  1

  0
SPLINE
  5
125
330
121
100
AcDbEntity
  8
cut
 62
   253
420
 10987948
370
    18
100
AcDbSpline
210
0.0
220
0.0
230
1.0
 70
    11
 71
     3
 72
    23
 73
    19
 74
     0
 42
0.0000000001
 43
0.0000000001
 40
0.0
 40
0.0
 40
0.0
 40
0.0
 40
1.0
 40
1.0
 40
1.0
 40
2.0
 40
2.0
 40
2.0
 40
3.0
 40
3.0
 40
3.0
 40
4.0
 40
4.0
 40
4.0
 40
5.0
 40
5.0
 40
5.0
 40
6.0
 40
6.0
 40
6.0
 40
6.0
 10
4.450035486634513
 20
5.424998152137671
 30
0.0
 10
4.450035486634513
 20
5.494015396001403
 30
0.0
 10
4.394072993133135
 20
5.549991452879781
 30
0.0
 10
4.325035404203903
 20
5.549991452879781
 30
0.0
 10
4.255991033586171
 20
5.549991452879781
 30
0.0
 10
4.200001413330794
 20
5.494015396001403
 30
0.0
 10
4.200001413330794
 20
5.424998152137671
 30
0.0
 10
4.200001413330794
 20
5.355960563208439
 30
0.0
 10
4.255991033586171
 20
5.299970942953061
 30
0.0
 10
4.325035404203903
 20
5.299970942953061
 30
0.0
 10
4.394072993133135
 20
5.299970942953061
 30
0.0
 10
4.450035486634513
 20
5.355960563208439
 30
0.0
 10
4.450035486634513
 20
5.424998152137671
 30
0.0
 10
4.450035486634513
 20
5.424998152137671
 30
0.0
 10
4.450035486634513
 20
5.424998152137671
 30
0.0
 10
4.450035486634513
 20
5.424998152137671
 30
0.0
 10
4.450035486634513
 20
5.424998152137671
 30
0.0
 10
4.450035486634513
 20
5.424998152137671
 30
0.0
 10
4.450035486634513
 20
5.424998152137671
 30
0.0
  0
ENDBLK
  5
124
330
121
100
AcDbEntity
  8
0
100
AcDbBlockEnd
  0
BLOCK
  5
128
330
126
100
AcDbEntity
  8
0
100
AcDbBlockBegin
  2
block 35
 70
     0
 71
     0
 10
0.0
 20
0.0
 30
0.0
  3
block 35
  1

  0
SPLINE
  5
12A
330
126
100
AcDbEntity
  8
cut
 62
   253
420
 10987948
370
    18
100
AcDbSpline
210
0.0
220
0.0
230
1.0
 70
    11
 71
     3
 72
    23
 73
    19
 74
     0
 42
0.0000000001
 43
0.0000000001
 40
0.0
 40
0.0
 40
0.0
 40
0.0
 40
1.0
 40
1.0
 40
1.0
 40
2.0
 40
2.0
 40
2.0
 40
3.0
 40
3.0
 40
3.0
 40
4.0
 40
4.0
 40
4.0
 40
5.0
 40
5.0
 40
5.0
 40
6.0
 40
6.0
 40
6.0
 40
6.0
 10
4.450035486634513
 20
5.92499848186011
 30
0.0
 10
4.450035486634513
 20
5.994036070789343
 30
0.0
 10
4.394072993133135
 20
6.049991782602221
 30
0.0
 10
4.325035404203903
 20
6.049991782602221
 30
0.0
 10
4.255991033586171
 20
6.049991782602221
 30
0.0
 10
4.200001413330794
 20
5.994036070789343
 30
0.0
 10
4.200001413330794
 20
5.92499848186011
 30
0.0
 10
4.200001413330794
 20
5.855960892930878
 30
0.0
 10
4.255991033586171
 20
5.799991617741001
 30
0.0
 10
4.325035404203903
 20
5.799991617741001
 30
0.0
 10
4.394072993133135
 20
5.799991617741001
 30
0.0
 10
4.450035486634513
 20
5.855960892930878
 30
0.0
 10
4.450035486634513
 20
5.92499848186011
 30
0.0
 10
4.450035486634513
 20
5.92499848186011
 30
0.0
 10
4.450035486634513
 20
5.92499848186011
 30
0.0
 10
4.450035486634513
 20
5.92499848186011
 30
0.0
 10
4.450035486634513
 20
5.92499848186011
 30
0.0
 10
4.450035486634513
 20
5.92499848186011
 30
0.0
 10
4.450035486634513
 20
5.92499848186011
 30
0.0
  0
ENDBLK
  5
129
330
126
100
AcDbEntity
  8
0
100
AcDbBlockEnd
  0
BLOCK
  5
12D
330
12B
100
AcDbEntity
  8
0
100
AcDbBlockBegin
  2
block 36
 70
     0
 71
     0
 10
0.0
 20
0.0
 30
0.0
  3
block 36
  1

  0
SPLINE
  5
12F
330
12B
100
AcDbEntity
  8
cut
 62
   253
420
 10987948
370
    18
100
AcDbSpline
210
0.0
220
0.0
230
1.0
 70
    11
 71
     3
 72
    23
 73
    19
 74
     0
 42
0.0000000001
 43
0.0000000001
 40
0.0
 40
0.0
 40
0.0
 40
0.0
 40
1.0
 40
1.0
 40
1.0
 40
2.0
 40
2.0
 40
2.0
 40
3.0
 40
3.0
 40
3.0
 40
4.0
 40
4.0
 40
4.0
 40
5.0
 40
5.0
 40
5.0
 40
6.0
 40
6.0
 40
6.0
 40
6.0
 10
3.950008030158074
 20
6.699996280254492
 30
0.0
 10
3.950008030158074
 20
6.769033869183724
 30
0.0
 10
3.894045536656696
 20
6.824996362685102
 30
0.0
 10
3.825014729415964
 20
6.824996362685102
 30
0.0
 10
3.755977140486731
 20
6.824996362685102
 30
0.0
 10
3.700007865296854
 20
6.769033869183724
 30
0.0
 10
3.700007865296854
 20
6.699996280254492
 30
0.0
 10
3.700007865296854
 20
6.630965473013759
 30
0.0
 10
3.755977140486731
 20
6.574996197823882
 30
0.0
 10
3.825014729415964
 20
6.574996197823882
 30
0.0
 10
3.894045536656696
 20
6.574996197823882
 30
0.0
 10
3.950008030158074
 20
6.630965473013759
 30
0.0
 10
3.950008030158074
 20
6.699996280254492
 30
0.0
 10
3.950008030158074
 20
6.699996280254492
 30
0.0
 10
3.950008030158074
 20
6.699996280254492
 30
0.0
 10
3.950008030158074
 20
6.699996280254492
 30
0.0
 10
3.950008030158074
 20
6.699996280254492
 30
0.0
 10
3.950008030158074
 20
6.699996280254492
 30
0.0
 10
3.950008030158074
 20
6.699996280254492
 30
0.0
  0
ENDBLK
  5
12E
330
12B
100
AcDbEntity
  8
0
100
AcDbBlockEnd
  0
BLOCK
  5
132
330
130
100
AcDbEntity
  8
0
100
AcDbBlockBegin
  2
block 37
 70
     0
 71
     0
 10
0.0
 20
0.0
 30
0.0
  3
block 37
  1

  0
SPLINE
  5
134
330
130
100
AcDbEntity
  8
cut
 62
   253
420
 10987948
370
    18
100
AcDbSpline
210
0.0
220
0.0
230
1.0
 70
    11
 71
     3
 72
    23
 73
    19
 74
     0
 42
0.0000000001
 43
0.0000000001
 40
0.0
 40
0.0
 40
0.0
 40
0.0
 40
1.0
 40
1.0
 40
1.0
 40
2.0
 40
2.0
 40
2.0
 40
3.0
 40
3.0
 40
3.0
 40
4.0
 40
4.0
 40
4.0
 40
5.0
 40
5.0
 40
5.0
 40
6.0
 40
6.0
 40
6.0
 40
6.0
 10
4.450035486634513
 20
6.92499914130499
 30
0.0
 10
4.450035486634513
 20
6.994036730234222
 30
0.0
 10
4.394072993133135
 20
7.0500060054241
 30
0.0
 10
4.325035404203903
 20
7.0500060054241
 30
0.0
 10
4.255991033586171
 20
7.0500060054241
 30
0.0
 10
4.200001413330794
 20
6.994036730234222
 30
0.0
 10
4.200001413330794
 20
6.92499914130499
 30
0.0
 10
4.200001413330794
 20
6.855961552375757
 30
0.0
 10
4.255991033586171
 20
6.79999905887438
 30
0.0
 10
4.325035404203903
 20
6.79999905887438
 30
0.0
 10
4.394072993133135
 20
6.79999905887438
 30
0.0
 10
4.450035486634513
 20
6.855961552375757
 30
0.0
 10
4.450035486634513
 20
6.92499914130499
 30
0.0
 10
4.450035486634513
 20
6.92499914130499
 30
0.0
 10
4.450035486634513
 20
6.92499914130499
 30
0.0
 10
4.450035486634513
 20
6.92499914130499
 30
0.0
 10
4.450035486634513
 20
6.92499914130499
 30
0.0
 10
4.450035486634513
 20
6.92499914130499
 30
0.0
 10
4.450035486634513
 20
6.92499914130499
 30
0.0
  0
ENDBLK
  5
133
330
130
100
AcDbEntity
  8
0
100
AcDbBlockEnd
  0
BLOCK
  5
137
330
135
100
AcDbEntity
  8
0
100
AcDbBlockBegin
  2
block 38
 70
     0
 71
     0
 10
0.0
 20
0.0
 30
0.0
  3
block 38
  1

  0
SPLINE
  5
139
330
135
100
AcDbEntity
  8
cut
 62
   253
420
 10987948
370
    18
100
AcDbSpline
210
0.0
220
0.0
230
1.0
 70
    11
 71
     3
 72
    23
 73
    19
 74
     0
 42
0.0000000001
 43
0.0000000001
 40
0.0
 40
0.0
 40
0.0
 40
0.0
 40
1.0
 40
1.0
 40
1.0
 40
2.0
 40
2.0
 40
2.0
 40
3.0
 40
3.0
 40
3.0
 40
4.0
 40
4.0
 40
4.0
 40
5.0
 40
5.0
 40
5.0
 40
6.0
 40
6.0
 40
6.0
 40
6.0
 10
4.450035486634513
 20
6.42499202989405
 30
0.0
 10
4.450035486634513
 20
6.494029618823283
 30
0.0
 10
4.394072993133135
 20
6.54999889401316
 30
0.0
 10
4.325035404203903
 20
6.54999889401316
 30
0.0
 10
4.255991033586171
 20
6.54999889401316
 30
0.0
 10
4.200001413330794
 20
6.494029618823283
 30
0.0
 10
4.200001413330794
 20
6.42499202989405
 30
0.0
 10
4.200001413330794
 20
6.355961222653318
 30
0.0
 10
4.255991033586171
 20
6.29999872915194
 30
0.0
 10
4.325035404203903
 20
6.29999872915194
 30
0.0
 10
4.394072993133135
 20
6.29999872915194
 30
0.0
 10
4.450035486634513
 20
6.355961222653318
 30
0.0
 10
4.450035486634513
 20
6.42499202989405
 30
0.0
 10
4.450035486634513
 20
6.42499202989405
 30
0.0
 10
4.450035486634513
 20
6.42499202989405
 30
0.0
 10
4.450035486634513
 20
6.42499202989405
 30
0.0
 10
4.450035486634513
 20
6.42499202989405
 30
0.0
 10
4.450035486634513
 20
6.42499202989405
 30
0.0
 10
4.450035486634513
 20
6.42499202989405
 30
0.0
  0
ENDBLK
  5
138
330
135
100
AcDbEntity
  8
0
100
AcDbBlockEnd
  0
BLOCK
  5
13C
330
13A
100
AcDbEntity
  8
0
100
AcDbBlockBegin
  2
block 39
 70
     0
 71
     0
 10
0.0
 20
0.0
 30
0.0
  3
block 39
  1

  0
SPLINE
  5
13E
330
13A
100
AcDbEntity
  8
cut
 62
   253
420
 10987948
370
    18
100
AcDbSpline
210
0.0
220
0.0
230
1.0
 70
    11
 71
     3
 72
    23
 73
    19
 74
     0
 42
0.0000000001
 43
0.0000000001
 40
0.0
 40
0.0
 40
0.0
 40
0.0
 40
1.0
 40
1.0
 40
1.0
 40
2.0
 40
2.0
 40
2.0
 40
3.0
 40
3.0
 40
3.0
 40
4.0
 40
4.0
 40
4.0
 40
5.0
 40
5.0
 40
5.0
 40
6.0
 40
6.0
 40
6.0
 40
6.0
 10
3.950008030158074
 20
6.199995950532053
 30
0.0
 10
3.950008030158074
 20
6.269033539461285
 30
0.0
 10
3.894045536656696
 20
6.324996032962662
 30
0.0
 10
3.825014729415964
 20
6.324996032962662
 30
0.0
 10
3.755977140486731
 20
6.324996032962662
 30
0.0
 10
3.700007865296854
 20
6.269033539461285
 30
0.0
 10
3.700007865296854
 20
6.199995950532053
 30
0.0
 10
3.700007865296854
 20
6.13095836160282
 30
0.0
 10
3.755977140486731
 20
6.074995868101443
 30
0.0
 10
3.825014729415964
 20
6.074995868101443
 30
0.0
 10
3.894045536656696
 20
6.074995868101443
 30
0.0
 10
3.950008030158074
 20
6.13095836160282
 30
0.0
 10
3.950008030158074
 20
6.199995950532053
 30
0.0
 10
3.950008030158074
 20
6.199995950532053
 30
0.0
 10
3.950008030158074
 20
6.199995950532053
 30
0.0
 10
3.950008030158074
 20
6.199995950532053
 30
0.0
 10
3.950008030158074
 20
6.199995950532053
 30
0.0
 10
3.950008030158074
 20
6.199995950532053
 30
0.0
 10
3.950008030158074
 20
6.199995950532053
 30
0.0
  0
ENDBLK
  5
13D
330
13A
100
AcDbEntity
  8
0
100
AcDbBlockEnd
  0
BLOCK
  5
141
330
13F
100
AcDbEntity
  8
0
100
AcDbBlockBegin
  2
block 40
 70
     0
 71
     0
 10
0.0
 20
0.0
 30
0.0
  3
block 40
  1

  0
SPLINE
  5
143
330
13F
100
AcDbEntity
  8
cut
 62
   253
420
 10987948
370
    18
100
AcDbSpline
210
0.0
220
0.0
230
1.0
 70
    11
 71
     3
 72
    23
 73
    19
 74
     0
 42
0.0000000001
 43
0.0000000001
 40
0.0
 40
0.0
 40
0.0
 40
0.0
 40
1.0
 40
1.0
 40
1.0
 40
2.0
 40
2.0
 40
2.0
 40
3.0
 40
3.0
 40
3.0
 40
4.0
 40
4.0
 40
4.0
 40
5.0
 40
5.0
 40
5.0
 40
6.0
 40
6.0
 40
6.0
 40
6.0
 10
3.950008030158074
 20
4.074980985834684
 30
0.0
 10
3.950008030158074
 20
4.144018574763916
 30
0.0
 10
3.894045536656696
 20
4.199981068265294
 30
0.0
 10
3.825014729415964
 20
4.199981068265294
 30
0.0
 10
3.755977140486731
 20
4.199981068265294
 30
0.0
 10
3.700007865296854
 20
4.144018574763916
 30
0.0
 10
3.700007865296854
 20
4.074980985834684
 30
0.0
 10
3.700007865296854
 20
4.005943396905452
 30
0.0
 10
3.755977140486731
 20
3.949980903404074
 30
0.0
 10
3.825014729415964
 20
3.949980903404074
 30
0.0
 10
3.894045536656696
 20
3.949980903404074
 30
0.0
 10
3.950008030158074
 20
4.005943396905452
 30
0.0
 10
3.950008030158074
 20
4.074980985834684
 30
0.0
 10
3.950008030158074
 20
4.074980985834684
 30
0.0
 10
3.950008030158074
 20
4.074980985834684
 30
0.0
 10
3.950008030158074
 20
4.074980985834684
 30
0.0
 10
3.950008030158074
 20
4.074980985834684
 30
0.0
 10
3.950008030158074
 20
4.074980985834684
 30
0.0
 10
3.950008030158074
 20
4.074980985834684
 30
0.0
  0
ENDBLK
  5
142
330
13F
100
AcDbEntity
  8
0
100
AcDbBlockEnd
  0
BLOCK
  5
146
330
144
100
AcDbEntity
  8
0
100
AcDbBlockBegin
  2
block 41
 70
     0
 71
     0
 10
0.0
 20
0.0
 30
0.0
  3
block 41
  1

  0
SPLINE
  5
148
330
144
100
AcDbEntity
  8
cut
 62
   253
420
 10987948
370
    18
100
AcDbSpline
210
0.0
220
0.0
230
1.0
 70
    11
 71
     3
 72
    23
 73
    19
 74
     0
 42
0.0000000001
 43
0.0000000001
 40
0.0
 40
0.0
 40
0.0
 40
0.0
 40
1.0
 40
1.0
 40
1.0
 40
2.0
 40
2.0
 40
2.0
 40
3.0
 40
3.0
 40
3.0
 40
4.0
 40
4.0
 40
4.0
 40
5.0
 40
5.0
 40
5.0
 40
6.0
 40
6.0
 40
6.0
 40
6.0
 10
3.932002647190774
 20
4.575008442311123
 30
0.0
 10
3.932002647190774
 20
4.634104075899466
 30
0.0
 10
3.884096799627307
 20
4.682009923462934
 30
0.0
 10
3.825007947727463
 20
4.682009923462934
 30
0.0
 10
3.765912314139121
 20
4.682009923462934
 30
0.0
 10
3.717999684887153
 20
4.634104075899466
 30
0.0
 10
3.717999684887153
 20
4.575008442311123
 30
0.0
 10
3.717999684887153
 20
4.51591280872278
 30
0.0
 10
3.765912314139121
 20
4.468006961159313
 30
0.0
 10
3.825007947727463
 20
4.468006961159313
 30
0.0
 10
3.884096799627307
 20
4.468006961159313
 30
0.0
 10
3.932002647190774
 20
4.51591280872278
 30
0.0
 10
3.932002647190774
 20
4.575008442311123
 30
0.0
 10
3.932002647190774
 20
4.575008442311123
 30
0.0
 10
3.932002647190774
 20
4.575008442311123
 30
0.0
 10
3.932002647190774
 20
4.575008442311123
 30
0.0
 10
3.932002647190774
 20
4.575008442311123
 30
0.0
 10
3.932002647190774
 20
4.575008442311123
 30
0.0
 10
3.932002647190774
 20
4.575008442311123
 30
0.0
  0
ENDBLK
  5
147
330
144
100
AcDbEntity
  8
0
100
AcDbBlockEnd
  0
BLOCK
  5
14B
330
149
100
AcDbEntity
  8
0
100
AcDbBlockBegin
  2
block 42
 70
     0
 71
     0
 10
0.0
 20
0.0
 30
0.0
  3
block 42
  1

  0
SPLINE
  5
14D
330
149
100
AcDbEntity
  8
cut
 62
   253
420
 10987948
370
    18
100
AcDbSpline
210
0.0
220
0.0
230
1.0
 70
    11
 71
     3
 72
    23
 73
    19
 74
     0
 42
0.0000000001
 43
0.0000000001
 40
0.0
 40
0.0
 40
0.0
 40
0.0
 40
1.0
 40
1.0
 40
1.0
 40
2.0
 40
2.0
 40
2.0
 40
3.0
 40
3.0
 40
3.0
 40
4.0
 40
4.0
 40
4.0
 40
5.0
 40
5.0
 40
5.0
 40
6.0
 40
6.0
 40
6.0
 40
6.0
 10
4.432009758601714
 20
4.575008442311123
 30
0.0
 10
4.432009758601714
 20
4.634104075899466
 30
0.0
 10
4.384103911038246
 20
4.682009923462934
 30
0.0
 10
4.325021840826903
 20
4.682009923462934
 30
0.0
 10
4.26592620723856
 20
4.682009923462934
 30
0.0
 10
4.218013577986593
 20
4.634104075899466
 30
0.0
 10
4.218013577986593
 20
4.575008442311123
 30
0.0
 10
4.218013577986593
 20
4.51591280872278
 30
0.0
 10
4.26592620723856
 20
4.468006961159313
 30
0.0
 10
4.325021840826903
 20
4.468006961159313
 30
0.0
 10
4.384103911038246
 20
4.468006961159313
 30
0.0
 10
4.432009758601714
 20
4.51591280872278
 30
0.0
 10
4.432009758601714
 20
4.575008442311123
 30
0.0
 10
4.432009758601714
 20
4.575008442311123
 30
0.0
 10
4.432009758601714
 20
4.575008442311123
 30
0.0
 10
4.432009758601714
 20
4.575008442311123
 30
0.0
 10
4.432009758601714
 20
4.575008442311123
 30
0.0
 10
4.432009758601714
 20
4.575008442311123
 30
0.0
 10
4.432009758601714
 20
4.575008442311123
 30
0.0
  0
ENDBLK
  5
14C
330
149
100
AcDbEntity
  8
0
100
AcDbBlockEnd
  0
BLOCK
  5
150
330
14E
100
AcDbEntity
  8
0
100
AcDbBlockBegin
  2
block 43
 70
     0
 71
     0
 10
0.0
 20
0.0
 30
0.0
  3
block 43
  1

  0
SPLINE
  5
152
330
14E
100
AcDbEntity
  8
cut
 62
   253
420
 10987948
370
    18
100
AcDbSpline
210
0.0
220
0.0
230
1.0
 70
    11
 71
     3
 72
    23
 73
    19
 74
     0
 42
0.0000000001
 43
0.0000000001
 40
0.0
 40
0.0
 40
0.0
 40
0.0
 40
1.0
 40
1.0
 40
1.0
 40
2.0
 40
2.0
 40
2.0
 40
3.0
 40
3.0
 40
3.0
 40
4.0
 40
4.0
 40
4.0
 40
5.0
 40
5.0
 40
5.0
 40
6.0
 40
6.0
 40
6.0
 40
6.0
 10
4.450035486634513
 20
4.074980985834684
 30
0.0
 10
4.450035486634513
 20
4.144018574763916
 30
0.0
 10
4.394072993133135
 20
4.199981068265294
 30
0.0
 10
4.325035404203903
 20
4.199981068265294
 30
0.0
 10
4.255991033586171
 20
4.199981068265294
 30
0.0
 10
4.200001413330794
 20
4.144018574763916
 30
0.0
 10
4.200001413330794
 20
4.074980985834684
 30
0.0
 10
4.200001413330794
 20
4.005943396905452
 30
0.0
 10
4.255991033586171
 20
3.949980903404074
 30
0.0
 10
4.325035404203903
 20
3.949980903404074
 30
0.0
 10
4.394072993133135
 20
3.949980903404074
 30
0.0
 10
4.450035486634513
 20
4.005943396905452
 30
0.0
 10
4.450035486634513
 20
4.074980985834684
 30
0.0
 10
4.450035486634513
 20
4.074980985834684
 30
0.0
 10
4.450035486634513
 20
4.074980985834684
 30
0.0
 10
4.450035486634513
 20
4.074980985834684
 30
0.0
 10
4.450035486634513
 20
4.074980985834684
 30
0.0
 10
4.450035486634513
 20
4.074980985834684
 30
0.0
 10
4.450035486634513
 20
4.074980985834684
 30
0.0
  0
ENDBLK
  5
151
330
14E
100
AcDbEntity
  8
0
100
AcDbBlockEnd
  0
BLOCK
  5
155
330
153
100
AcDbEntity
  8
0
100
AcDbBlockBegin
  2
block 44
 70
     0
 71
     0
 10
0.0
 20
0.0
 30
0.0
  3
block 44
  1

  0
SPLINE
  5
157
330
153
100
AcDbEntity
  8
cut
 62
   253
420
 10987948
370
    18
100
AcDbSpline
210
0.0
220
0.0
230
1.0
 70
    11
 71
     3
 72
    23
 73
    19
 74
     0
 42
0.0000000001
 43
0.0000000001
 40
0.0
 40
0.0
 40
0.0
 40
0.0
 40
1.0
 40
1.0
 40
1.0
 40
2.0
 40
2.0
 40
2.0
 40
3.0
 40
3.0
 40
3.0
 40
4.0
 40
4.0
 40
4.0
 40
5.0
 40
5.0
 40
5.0
 40
6.0
 40
6.0
 40
6.0
 40
6.0
 10
3.621509820910227
 20
7.0500060054241
 30
0.0
 10
3.621509820910227
 20
7.082585236977738
 30
0.0
 10
3.59509514420302
 20
7.108993131996444
 30
0.0
 10
3.562509130960883
 20
7.108993131996444
 30
0.0
 10
3.529923117718745
 20
7.108993131996444
 30
0.0
 10
3.503515222700039
 20
7.082585236977738
 30
0.0
 10
3.503515222700039
 20
7.0500060054241
 30
0.0
 10
3.503515222700039
 20
7.017406428804962
 30
0.0
 10
3.529923117718745
 20
6.991005315474756
 30
0.0
 10
3.562509130960883
 20
6.991005315474756
 30
0.0
 10
3.59509514420302
 20
6.991005315474756
 30
0.0
 10
3.621509820910227
 20
7.017406428804962
 30
0.0
 10
3.621509820910227
 20
7.0500060054241
 30
0.0
 10
3.621509820910227
 20
7.0500060054241
 30
0.0
 10
3.621509820910227
 20
7.0500060054241
 30
0.0
 10
3.621509820910227
 20
7.0500060054241
 30
0.0
 10
3.621509820910227
 20
7.0500060054241
 30
0.0
 10
3.621509820910227
 20
7.0500060054241
 30
0.0
 10
3.621509820910227
 20
7.0500060054241
 30
0.0
  0
ENDBLK
  5
156
330
153
100
AcDbEntity
  8
0
100
AcDbBlockEnd
  0
BLOCK
  5
15A
330
158
100
AcDbEntity
  8
0
100
AcDbBlockBegin
  2
block 45
 70
     0
 71
     0
 10
0.0
 20
0.0
 30
0.0
  3
block 45
  1

  0
SPLINE
  5
15C
330
158
100
AcDbEntity
  8
cut
 62
   253
420
 10987948
370
    18
100
AcDbSpline
210
0.0
220
0.0
230
1.0
 70
    11
 71
     3
 72
    23
 73
    19
 74
     0
 42
0.0000000001
 43
0.0000000001
 40
0.0
 40
0.0
 40
0.0
 40
0.0
 40
1.0
 40
1.0
 40
1.0
 40
2.0
 40
2.0
 40
2.0
 40
3.0
 40
3.0
 40
3.0
 40
4.0
 40
4.0
 40
4.0
 40
5.0
 40
5.0
 40
5.0
 40
6.0
 40
6.0
 40
6.0
 40
6.0
 10
3.950008030158074
 20
7.200003391665431
 30
0.0
 10
3.950008030158074
 20
7.269040980594664
 30
0.0
 10
3.894045536656696
 20
7.325003474096041
 30
0.0
 10
3.825014729415964
 20
7.325003474096041
 30
0.0
 10
3.755977140486731
 20
7.325003474096041
 30
0.0
 10
3.700007865296854
 20
7.269040980594664
 30
0.0
 10
3.700007865296854
 20
7.200003391665431
 30
0.0
 10
3.700007865296854
 20
7.130965802736199
 30
0.0
 10
3.755977140486731
 20
7.074996527546322
 30
0.0
 10
3.825014729415964
 20
7.074996527546322
 30
0.0
 10
3.894045536656696
 20
7.074996527546322
 30
0.0
 10
3.950008030158074
 20
7.130965802736199
 30
0.0
 10
3.950008030158074
 20
7.200003391665431
 30
0.0
 10
3.950008030158074
 20
7.200003391665431
 30
0.0
 10
3.950008030158074
 20
7.200003391665431
 30
0.0
 10
3.950008030158074
 20
7.200003391665431
 30
0.0
 10
3.950008030158074
 20
7.200003391665431
 30
0.0
 10
3.950008030158074
 20
7.200003391665431
 30
0.0
 10
3.950008030158074
 20
7.200003391665431
 30
0.0
  0
ENDBLK
  5
15B
330
158
100
AcDbEntity
  8
0
100
AcDbBlockEnd
  0
BLOCK
  5
15F
330
15D
100
AcDbEntity
  8
0
100
AcDbBlockBegin
  2
block 46
 70
     0
 71
     0
 10
0.0
 20
0.0
 30
0.0
  3
block 46
  1

  0
SPLINE
  5
161
330
15D
100
AcDbEntity
  8
cut
 62
   253
420
 10987948
370
    18
100
AcDbSpline
210
0.0
220
0.0
230
1.0
 70
    11
 71
     3
 72
    23
 73
    19
 74
     0
 42
0.0000000001
 43
0.0000000001
 40
0.0
 40
0.0
 40
0.0
 40
0.0
 40
1.0
 40
1.0
 40
1.0
 40
2.0
 40
2.0
 40
2.0
 40
3.0
 40
3.0
 40
3.0
 40
4.0
 40
4.0
 40
4.0
 40
5.0
 40
5.0
 40
5.0
 40
6.0
 40
6.0
 40
6.0
 40
6.0
 10
3.621509820910227
 20
5.549991452879781
 30
0.0
 10
3.621509820910227
 20
5.582577466121919
 30
0.0
 10
3.59509514420302
 20
5.608985361140625
 30
0.0
 10
3.562509130960883
 20
5.608985361140625
 30
0.0
 10
3.529923117718745
 20
5.608985361140625
 30
0.0
 10
3.503515222700039
 20
5.582577466121919
 30
0.0
 10
3.503515222700039
 20
5.549991452879781
 30
0.0
 10
3.503515222700039
 20
5.517405439637643
 30
0.0
 10
3.529923117718745
 20
5.490997544618937
 30
0.0
 10
3.562509130960883
 20
5.490997544618937
 30
0.0
 10
3.59509514420302
 20
5.490997544618937
 30
0.0
 10
3.621509820910227
 20
5.517405439637643
 30
0.0
 10
3.621509820910227
 20
5.549991452879781
 30
0.0
 10
3.621509820910227
 20
5.549991452879781
 30
0.0
 10
3.621509820910227
 20
5.549991452879781
 30
0.0
 10
3.621509820910227
 20
5.549991452879781
 30
0.0
 10
3.621509820910227
 20
5.549991452879781
 30
0.0
 10
3.621509820910227
 20
5.549991452879781
 30
0.0
 10
3.621509820910227
 20
5.549991452879781
 30
0.0
  0
ENDBLK
  5
160
330
15D
100
AcDbEntity
  8
0
100
AcDbBlockEnd
  0
BLOCK
  5
164
330
162
100
AcDbEntity
  8
0
100
AcDbBlockBegin
  2
block 47
 70
     0
 71
     0
 10
0.0
 20
0.0
 30
0.0
  3
block 47
  1

  0
SPLINE
  5
166
330
162
100
AcDbEntity
  8
cut
 62
   253
420
 10987948
370
    18
100
AcDbSpline
210
0.0
220
0.0
230
1.0
 70
    11
 71
     3
 72
    23
 73
    19
 74
     0
 42
0.0000000001
 43
0.0000000001
 40
0.0
 40
0.0
 40
0.0
 40
0.0
 40
1.0
 40
1.0
 40
1.0
 40
2.0
 40
2.0
 40
2.0
 40
3.0
 40
3.0
 40
3.0
 40
4.0
 40
4.0
 40
4.0
 40
5.0
 40
5.0
 40
5.0
 40
6.0
 40
6.0
 40
6.0
 40
6.0
 10
3.950008030158074
 20
5.699988839121112
 30
0.0
 10
3.950008030158074
 20
5.769026428050345
 30
0.0
 10
3.894045536656696
 20
5.824995703240223
 30
0.0
 10
3.825014729415964
 20
5.824995703240223
 30
0.0
 10
3.755977140486731
 20
5.824995703240223
 30
0.0
 10
3.700007865296854
 20
5.769026428050345
 30
0.0
 10
3.700007865296854
 20
5.699988839121112
 30
0.0
 10
3.700007865296854
 20
5.63095125019188
 30
0.0
 10
3.755977140486731
 20
5.574988756690503
 30
0.0
 10
3.825014729415964
 20
5.574988756690503
 30
0.0
 10
3.894045536656696
 20
5.574988756690503
 30
0.0
 10
3.950008030158074
 20
5.63095125019188
 30
0.0
 10
3.950008030158074
 20
5.699988839121112
 30
0.0
 10
3.950008030158074
 20
5.699988839121112
 30
0.0
 10
3.950008030158074
 20
5.699988839121112
 30
0.0
 10
3.950008030158074
 20
5.699988839121112
 30
0.0
 10
3.950008030158074
 20
5.699988839121112
 30
0.0
 10
3.950008030158074
 20
5.699988839121112
 30
0.0
 10
3.950008030158074
 20
5.699988839121112
 30
0.0
  0
ENDBLK
  5
165
330
162
100
AcDbEntity
  8
0
100
AcDbBlockEnd
  0
BLOCK
  5
169
330
167
100
AcDbEntity
  8
0
100
AcDbBlockBegin
  2
block 48
 70
     0
 71
     0
 10
0.0
 20
0.0
 30
0.0
  3
block 48
  1

  0
POLYLINE
  5
16B
330
167
100
AcDbEntity
  8
cut
 62
   253
420
 10987948
370
    18
100
AcDb2dPolyline
 66
     1
 10
0.0
 20
0.0
 30
0.0
  0
VERTEX
  5
16C
330
16B
100
AcDbEntity
  8
cut
 62
   253
420
 10987948
370
    18
100
AcDbVertex
100
AcDb2dVertex
 10
3.625002390487688
 20
7.948844217515604
 30
0.0
  0
VERTEX
  5
16D
330
16B
100
AcDbEntity
  8
cut
 62
   253
420
 10987948
370
    18
100
AcDbVertex
100
AcDb2dVertex
 10
3.625002390487688
 20
7.923819786950882
 30
0.0
  0
SEQEND
  5
16E
330
16B
100
AcDbEntity
  8
cut
370
    18
  0
ENDBLK
  5
16A
330
167
100
AcDbEntity
  8
0
100
AcDbBlockEnd
  0
BLOCK
  5
171
330
16F
100
AcDbEntity
  8
0
100
AcDbBlockBegin
  2
block 49
 70
     0
 71
     0
 10
0.0
 20
0.0
 30
0.0
  3
block 49
  1

  0
POLYLINE
  5
173
330
16F
100
AcDbEntity
  8
cut
 62
   253
420
 10987948
370
    18
100
AcDb2dPolyline
 66
     1
 10
0.0
 20
0.0
 30
0.0
  0
VERTEX
  5
174
330
173
100
AcDbEntity
  8
cut
 62
   253
420
 10987948
370
    18
100
AcDbVertex
100
AcDb2dVertex
 10
3.825007947727463
 20
7.948844217515604
 30
0.0
  0
VERTEX
  5
175
330
173
100
AcDbEntity
  8
cut
 62
   253
420
 10987948
370
    18
100
AcDbVertex
100
AcDb2dVertex
 10
3.825007947727463
 20
7.923819786950882
 30
0.0
  0
SEQEND
  5
176
330
173
100
AcDbEntity
  8
cut
370
    18
  0
ENDBLK
  5
172
330
16F
100
AcDbEntity
  8
0
100
AcDbBlockEnd
  0
BLOCK
  5
185
330
183
100
AcDbEntity
  8
0
100
AcDbBlockBegin
  2
block 50
 70
     0
 71
     0
 10
0.0
 20
0.0
 30
0.0
  3
block 50
  1

  0
POLYLINE
  5
187
330
183
100
AcDbEntity
  8
cut
 62
   253
420
 10987948
370
    18
100
AcDb2dPolyline
 66
     1
 10
0.0
 20
0.0
 30
0.0
  0
VERTEX
  5
188
330
187
100
AcDbEntity
  8
cut
 62
   253
420
 10987948
370
    18
100
AcDbVertex
100
AcDb2dVertex
 10
3.625002390487688
 20
3.125002060765248
 30
0.0
  0
VERTEX
  5
189
330
187
100
AcDbEntity
  8
cut
 62
   253
420
 10987948
370
    18
100
AcDbVertex
100
AcDb2dVertex
 10
3.625002390487688
 20
3.099977630200526
 30
0.0
  0
SEQEND
  5
18A
330
187
100
AcDbEntity
  8
cut
370
    18
  0
ENDBLK
  5
186
330
183
100
AcDbEntity
  8
0
100
AcDbBlockEnd
  0
BLOCK
  5
18D
330
18B
100
AcDbEntity
  8
0
100
AcDbBlockBegin
  2
block 51
 70
     0
 71
     0
 10
0.0
 20
0.0
 30
0.0
  3
block 51
  1

  0
POLYLINE
  5
18F
330
18B
100
AcDbEntity
  8
cut
 62
   253
420
 10987948
370
    18
100
AcDb2dPolyline
 66
     1
 10
0.0
 20
0.0
 30
0.0
  0
VERTEX
  5
190
330
18F
100
AcDbEntity
  8
cut
 62
   253
420
 10987948
370
    18
100
AcDbVertex
100
AcDb2dVertex
 10
3.825007947727463
 20
3.125002060765248
 30
0.0
  0
VERTEX
  5
191
330
18F
100
AcDbEntity
  8
cut
 62
   253
420
 10987948
370
    18
100
AcDbVertex
100
AcDb2dVertex
 10
3.825007947727463
 20
3.099977630200526
 30
0.0
  0
SEQEND
  5
192
330
18F
100
AcDbEntity
  8
cut
370
    18
  0
ENDBLK
  5
18E
330
18B
100
AcDbEntity
  8
0
100
AcDbBlockEnd
  0
BLOCK
  5
1A3
330
1A1
100
AcDbEntity
  8
0
100
AcDbBlockBegin
  2
block 52
 70
     0
 71
     0
 10
0.0
 20
0.0
 30
0.0
  3
block 52
  1

  0
SPLINE
  5
1A5
330
1A1
100
AcDbEntity
  8
visual
 62
   253
420
 10987948
370
    18
100
AcDbSpline
210
0.0
220
0.0
230
1.0
 70
    11
 71
     3
 72
    23
 73
    19
 74
     0
 42
0.0000000001
 43
0.0000000001
 40
0.0
 40
0.0
 40
0.0
 40
0.0
 40
1.0
 40
1.0
 40
1.0
 40
2.0
 40
2.0
 40
2.0
 40
3.0
 40
3.0
 40
3.0
 40
4.0
 40
4.0
 40
4.0
 40
5.0
 40
5.0
 40
5.0
 40
6.0
 40
6.0
 40
6.0
 40
6.0
 10
4.200001413330794
 20
4.699981397987734
 30
0.0
 10
4.200001413330794
 20
4.851864093632044
 30
0.0
 10
4.076886640303163
 20
4.974992430036675
 30
0.0
 10
3.925017508035852
 20
4.974992430036675
 30
0.0
 10
3.77313481239154
 20
4.974992430036675
 30
0.0
 10
3.65001325767541
 20
4.851864093632044
 30
0.0
 10
3.65001325767541
 20
4.699981397987734
 30
0.0
 10
3.65001325767541
 20
4.548098702343422
 30
0.0
 10
3.77313481239154
 20
4.424970365938791
 30
0.0
 10
3.925017508035852
 20
4.424970365938791
 30
0.0
 10
4.076886640303163
 20
4.424970365938791
 30
0.0
 10
4.200001413330794
 20
4.548098702343422
 30
0.0
 10
4.200001413330794
 20
4.699981397987734
 30
0.0
 10
4.200001413330794
 20
4.699981397987734
 30
0.0
 10
4.200001413330794
 20
4.699981397987734
 30
0.0
 10
4.200001413330794
 20
4.699981397987734
 30
0.0
 10
4.200001413330794
 20
4.699981397987734
 30
0.0
 10
4.200001413330794
 20
4.699981397987734
 30
0.0
 10
4.200001413330794
 20
4.699981397987734
 30
0.0
  0
HATCH
  5
1A6
330
1A1
100
AcDbEntity
  8
visual
 62
   254
420
 14606304
100
AcDbHatch
 10
0.0
 20
0.0
 30
0.0
210
0.0
220
0.0
230
1.0
  2
SOLID
 70
     1
 71
     0
 91
        1
 92
        1
 93
        1
 72
     4
 94
        3
 73
     0
 74
     1
 95
       23
 96
       19
 40
0.0
 40
0.0
 40
0.0
 40
0.0
 40
1.0
 40
1.0
 40
1.0
 40
2.0
 40
2.0
 40
2.0
 40
3.0
 40
3.0
 40
3.0
 40
4.0
 40
4.0
 40
4.0
 40
5.0
 40
5.0
 40
5.0
 40
6.0
 40
6.0
 40
6.0
 40
6.0
 10
4.200001413330794
 20
4.699981397987734
 10
4.200001413330794
 20
4.851864093632044
 10
4.076886640303163
 20
4.974992430036675
 10
3.925017508035852
 20
4.974992430036675
 10
3.77313481239154
 20
4.974992430036675
 10
3.65001325767541
 20
4.851864093632044
 10
3.65001325767541
 20
4.699981397987734
 10
3.65001325767541
 20
4.548098702343422
 10
3.77313481239154
 20
4.424970365938791
 10
3.925017508035852
 20
4.424970365938791
 10
4.076886640303163
 20
4.424970365938791
 10
4.200001413330794
 20
4.548098702343422
 10
4.200001413330794
 20
4.699981397987734
 10
4.200001413330794
 20
4.699981397987734
 10
4.200001413330794
 20
4.699981397987734
 10
4.200001413330794
 20
4.699981397987734
 10
4.200001413330794
 20
4.699981397987734
 10
4.200001413330794
 20
4.699981397987734
 10
4.200001413330794
 20
4.699981397987734
 97
        0
 75
     2
 76
     1
 98
        0
  0
ENDBLK
  5
1A4
330
1A1
100
AcDbEntity
  8
0
100
AcDbBlockEnd
  0
BLOCK
  5
1A9
330
1A7
100
AcDbEntity
  8
0
100
AcDbBlockBegin
  2
block 53
 70
     0
 71
     0
 10
0.0
 20
0.0
 30
0.0
  3
block 53
  1

  0
SPLINE
  5
1AB
330
1A7
100
AcDbEntity
  8
visual
 62
   254
420
 14606304
370
    18
100
AcDbSpline
210
0.0
220
0.0
230
1.0
 70
    11
 71
     3
 72
    23
 73
    19
 74
     0
 42
0.0000000001
 43
0.0000000001
 40
0.0
 40
0.0
 40
0.0
 40
0.0
 40
1.0
 40
1.0
 40
1.0
 40
2.0
 40
2.0
 40
2.0
 40
3.0
 40
3.0
 40
3.0
 40
4.0
 40
4.0
 40
4.0
 40
5.0
 40
5.0
 40
5.0
 40
6.0
 40
6.0
 40
6.0
 40
6.0
 10
4.500030094255957
 20
5.424998152137671
 30
0.0
 10
4.500030094255957
 20
5.521643994950096
 30
0.0
 10
4.421660901950829
 20
5.599986060501225
 30
0.0
 10
4.325035404203903
 20
5.599986060501225
 30
0.0
 10
4.228362434637478
 20
5.599986060501225
 30
0.0
 10
4.15002036908635
 20
5.521643994950096
 30
0.0
 10
4.15002036908635
 20
5.424998152137671
 30
0.0
 10
4.15002036908635
 20
5.328345527636746
 30
0.0
 10
4.228362434637478
 20
5.249976335331617
 30
0.0
 10
4.325035404203903
 20
5.249976335331617
 30
0.0
 10
4.421660901950829
 20
5.249976335331617
 30
0.0
 10
4.500030094255957
 20
5.328345527636746
 30
0.0
 10
4.500030094255957
 20
5.424998152137671
 30
0.0
 10
4.500030094255957
 20
5.424998152137671
 30
0.0
 10
4.500030094255957
 20
5.424998152137671
 30
0.0
 10
4.500030094255957
 20
5.424998152137671
 30
0.0
 10
4.500030094255957
 20
5.424998152137671
 30
0.0
 10
4.500030094255957
 20
5.424998152137671
 30
0.0
 10
4.500030094255957
 20
5.424998152137671
 30
0.0
  0
ENDBLK
  5
1AA
330
1A7
100
AcDbEntity
  8
0
100
AcDbBlockEnd
  0
BLOCK
  5
1AE
330
1AC
100
AcDbEntity
  8
0
100
AcDbBlockBegin
  2
block 54
 70
     0
 71
     0
 10
0.0
 20
0.0
 30
0.0
  3
block 54
  1

  0
SPLINE
  5
1B0
330
1AC
100
AcDbEntity
  8
visual
 62
   254
420
 14606304
370
    18
100
AcDbSpline
210
0.0
220
0.0
230
1.0
 70
    11
 71
     3
 72
    23
 73
    19
 74
     0
 42
0.0000000001
 43
0.0000000001
 40
0.0
 40
0.0
 40
0.0
 40
0.0
 40
1.0
 40
1.0
 40
1.0
 40
2.0
 40
2.0
 40
2.0
 40
3.0
 40
3.0
 40
3.0
 40
4.0
 40
4.0
 40
4.0
 40
5.0
 40
5.0
 40
5.0
 40
6.0
 40
6.0
 40
6.0
 40
6.0
 10
4.500030094255957
 20
5.92499848186011
 30
0.0
 10
4.500030094255957
 20
6.021644324672535
 30
0.0
 10
4.421660901950829
 20
6.099993171912164
 30
0.0
 10
4.325035404203903
 20
6.099993171912164
 30
0.0
 10
4.228362434637478
 20
6.099993171912164
 30
0.0
 10
4.15002036908635
 20
6.021644324672535
 30
0.0
 10
4.15002036908635
 20
5.92499848186011
 30
0.0
 10
4.15002036908635
 20
5.828345857359185
 30
0.0
 10
4.228362434637478
 20
5.749997010119556
 30
0.0
 10
4.325035404203903
 20
5.749997010119556
 30
0.0
 10
4.421660901950829
 20
5.749997010119556
 30
0.0
 10
4.500030094255957
 20
5.828345857359185
 30
0.0
 10
4.500030094255957
 20
5.92499848186011
 30
0.0
 10
4.500030094255957
 20
5.92499848186011
 30
0.0
 10
4.500030094255957
 20
5.92499848186011
 30
0.0
 10
4.500030094255957
 20
5.92499848186011
 30
0.0
 10
4.500030094255957
 20
5.92499848186011
 30
0.0
 10
4.500030094255957
 20
5.92499848186011
 30
0.0
 10
4.500030094255957
 20
5.92499848186011
 30
0.0
  0
ENDBLK
  5
1AF
330
1AC
100
AcDbEntity
  8
0
100
AcDbBlockEnd
  0
BLOCK
  5
1B3
330
1B1
100
AcDbEntity
  8
0
100
AcDbBlockBegin
  2
block 55
 70
     0
 71
     0
 10
0.0
 20
0.0
 30
0.0
  3
block 55
  1

  0
SPLINE
  5
1B5
330
1B1
100
AcDbEntity
  8
visual
 62
   254
420
 14606304
370
    18
100
AcDbSpline
210
0.0
220
0.0
230
1.0
 70
    11
 71
     3
 72
    23
 73
    19
 74
     0
 42
0.0000000001
 43
0.0000000001
 40
0.0
 40
0.0
 40
0.0
 40
0.0
 40
1.0
 40
1.0
 40
1.0
 40
2.0
 40
2.0
 40
2.0
 40
3.0
 40
3.0
 40
3.0
 40
4.0
 40
4.0
 40
4.0
 40
5.0
 40
5.0
 40
5.0
 40
6.0
 40
6.0
 40
6.0
 40
6.0
 10
4.000009419468017
 20
6.699996280254492
 30
0.0
 10
4.000009419468017
 20
6.796648904755417
 30
0.0
 10
3.921660572228389
 20
6.875004533683546
 30
0.0
 10
3.825014729415964
 20
6.875004533683546
 30
0.0
 10
3.728362104915039
 20
6.875004533683546
 30
0.0
 10
3.65001325767541
 20
6.796648904755417
 30
0.0
 10
3.65001325767541
 20
6.699996280254492
 30
0.0
 10
3.65001325767541
 20
6.603343655753567
 30
0.0
 10
3.728362104915039
 20
6.524994808513938
 30
0.0
 10
3.825014729415964
 20
6.524994808513938
 30
0.0
 10
3.921660572228389
 20
6.524994808513938
 30
0.0
 10
4.000009419468017
 20
6.603343655753567
 30
0.0
 10
4.000009419468017
 20
6.699996280254492
 30
0.0
 10
4.000009419468017
 20
6.699996280254492
 30
0.0
 10
4.000009419468017
 20
6.699996280254492
 30
0.0
 10
4.000009419468017
 20
6.699996280254492
 30
0.0
 10
4.000009419468017
 20
6.699996280254492
 30
0.0
 10
4.000009419468017
 20
6.699996280254492
 30
0.0
 10
4.000009419468017
 20
6.699996280254492
 30
0.0
  0
ENDBLK
  5
1B4
330
1B1
100
AcDbEntity
  8
0
100
AcDbBlockEnd
  0
BLOCK
  5
1B8
330
1B6
100
AcDbEntity
  8
0
100
AcDbBlockBegin
  2
block 56
 70
     0
 71
     0
 10
0.0
 20
0.0
 30
0.0
  3
block 56
  1

  0
SPLINE
  5
1BA
330
1B6
100
AcDbEntity
  8
visual
 62
   254
420
 14606304
370
    18
100
AcDbSpline
210
0.0
220
0.0
230
1.0
 70
    11
 71
     3
 72
    23
 73
    19
 74
     0
 42
0.0000000001
 43
0.0000000001
 40
0.0
 40
0.0
 40
0.0
 40
0.0
 40
1.0
 40
1.0
 40
1.0
 40
2.0
 40
2.0
 40
2.0
 40
3.0
 40
3.0
 40
3.0
 40
4.0
 40
4.0
 40
4.0
 40
5.0
 40
5.0
 40
5.0
 40
6.0
 40
6.0
 40
6.0
 40
6.0
 10
4.500030094255957
 20
6.92499914130499
 30
0.0
 10
4.500030094255957
 20
7.021651765805915
 30
0.0
 10
4.421660901950829
 20
7.100000613045544
 30
0.0
 10
4.325035404203903
 20
7.100000613045544
 30
0.0
 10
4.228362434637478
 20
7.100000613045544
 30
0.0
 10
4.15002036908635
 20
7.021651765805915
 30
0.0
 10
4.15002036908635
 20
6.92499914130499
 30
0.0
 10
4.15002036908635
 20
6.828346516804065
 30
0.0
 10
4.228362434637478
 20
6.749997669564436
 30
0.0
 10
4.325035404203903
 20
6.749997669564436
 30
0.0
 10
4.421660901950829
 20
6.749997669564436
 30
0.0
 10
4.500030094255957
 20
6.828346516804065
 30
0.0
 10
4.500030094255957
 20
6.92499914130499
 30
0.0
 10
4.500030094255957
 20
6.92499914130499
 30
0.0
 10
4.500030094255957
 20
6.92499914130499
 30
0.0
 10
4.500030094255957
 20
6.92499914130499
 30
0.0
 10
4.500030094255957
 20
6.92499914130499
 30
0.0
 10
4.500030094255957
 20
6.92499914130499
 30
0.0
 10
4.500030094255957
 20
6.92499914130499
 30
0.0
  0
ENDBLK
  5
1B9
330
1B6
100
AcDbEntity
  8
0
100
AcDbBlockEnd
  0
BLOCK
  5
1BD
330
1BB
100
AcDbEntity
  8
0
100
AcDbBlockBegin
  2
block 57
 70
     0
 71
     0
 10
0.0
 20
0.0
 30
0.0
  3
block 57
  1

  0
SPLINE
  5
1BF
330
1BB
100
AcDbEntity
  8
visual
 62
   254
420
 14606304
370
    18
100
AcDbSpline
210
0.0
220
0.0
230
1.0
 70
    11
 71
     3
 72
    23
 73
    19
 74
     0
 42
0.0000000001
 43
0.0000000001
 40
0.0
 40
0.0
 40
0.0
 40
0.0
 40
1.0
 40
1.0
 40
1.0
 40
2.0
 40
2.0
 40
2.0
 40
3.0
 40
3.0
 40
3.0
 40
4.0
 40
4.0
 40
4.0
 40
5.0
 40
5.0
 40
5.0
 40
6.0
 40
6.0
 40
6.0
 40
6.0
 10
4.500030094255957
 20
6.42499202989405
 30
0.0
 10
4.500030094255957
 20
6.521644654394976
 30
0.0
 10
4.421660901950829
 20
6.599993501634605
 30
0.0
 10
4.325035404203903
 20
6.599993501634605
 30
0.0
 10
4.228362434637478
 20
6.599993501634605
 30
0.0
 10
4.15002036908635
 20
6.521644654394976
 30
0.0
 10
4.15002036908635
 20
6.42499202989405
 30
0.0
 10
4.15002036908635
 20
6.328346187081625
 30
0.0
 10
4.228362434637478
 20
6.249997339841996
 30
0.0
 10
4.325035404203903
 20
6.249997339841996
 30
0.0
 10
4.421660901950829
 20
6.249997339841996
 30
0.0
 10
4.500030094255957
 20
6.328346187081625
 30
0.0
 10
4.500030094255957
 20
6.42499202989405
 30
0.0
 10
4.500030094255957
 20
6.42499202989405
 30
0.0
 10
4.500030094255957
 20
6.42499202989405
 30
0.0
 10
4.500030094255957
 20
6.42499202989405
 30
0.0
 10
4.500030094255957
 20
6.42499202989405
 30
0.0
 10
4.500030094255957
 20
6.42499202989405
 30
0.0
 10
4.500030094255957
 20
6.42499202989405
 30
0.0
  0
ENDBLK
  5
1BE
330
1BB
100
AcDbEntity
  8
0
100
AcDbBlockEnd
  0
BLOCK
  5
1C2
330
1C0
100
AcDbEntity
  8
0
100
AcDbBlockBegin
  2
block 58
 70
     0
 71
     0
 10
0.0
 20
0.0
 30
0.0
  3
block 58
  1

  0
SPLINE
  5
1C4
330
1C0
100
AcDbEntity
  8
visual
 62
   254
420
 14606304
370
    18
100
AcDbSpline
210
0.0
220
0.0
230
1.0
 70
    11
 71
     3
 72
    23
 73
    19
 74
     0
 42
0.0000000001
 43
0.0000000001
 40
0.0
 40
0.0
 40
0.0
 40
0.0
 40
1.0
 40
1.0
 40
1.0
 40
2.0
 40
2.0
 40
2.0
 40
3.0
 40
3.0
 40
3.0
 40
4.0
 40
4.0
 40
4.0
 40
5.0
 40
5.0
 40
5.0
 40
6.0
 40
6.0
 40
6.0
 40
6.0
 10
4.000009419468017
 20
6.199995950532053
 30
0.0
 10
4.000009419468017
 20
6.296648575032978
 30
0.0
 10
3.921660572228389
 20
6.374997422272606
 30
0.0
 10
3.825014729415964
 20
6.374997422272606
 30
0.0
 10
3.728362104915039
 20
6.374997422272606
 30
0.0
 10
3.65001325767541
 20
6.296648575032978
 30
0.0
 10
3.65001325767541
 20
6.199995950532053
 30
0.0
 10
3.65001325767541
 20
6.103350107719627
 30
0.0
 10
3.728362104915039
 20
6.024994478791498
 30
0.0
 10
3.825014729415964
 20
6.024994478791498
 30
0.0
 10
3.921660572228389
 20
6.024994478791498
 30
0.0
 10
4.000009419468017
 20
6.103350107719627
 30
0.0
 10
4.000009419468017
 20
6.199995950532053
 30
0.0
 10
4.000009419468017
 20
6.199995950532053
 30
0.0
 10
4.000009419468017
 20
6.199995950532053
 30
0.0
 10
4.000009419468017
 20
6.199995950532053
 30
0.0
 10
4.000009419468017
 20
6.199995950532053
 30
0.0
 10
4.000009419468017
 20
6.199995950532053
 30
0.0
 10
4.000009419468017
 20
6.199995950532053
 30
0.0
  0
ENDBLK
  5
1C3
330
1C0
100
AcDbEntity
  8
0
100
AcDbBlockEnd
  0
BLOCK
  5
1C7
330
1C5
100
AcDbEntity
  8
0
100
AcDbBlockBegin
  2
block 59
 70
     0
 71
     0
 10
0.0
 20
0.0
 30
0.0
  3
block 59
  1

  0
SPLINE
  5
1C9
330
1C5
100
AcDbEntity
  8
visual
 62
   254
420
 14606304
370
    18
100
AcDbSpline
210
0.0
220
0.0
230
1.0
 70
    11
 71
     3
 72
    23
 73
    19
 74
     0
 42
0.0000000001
 43
0.0000000001
 40
0.0
 40
0.0
 40
0.0
 40
0.0
 40
1.0
 40
1.0
 40
1.0
 40
2.0
 40
2.0
 40
2.0
 40
3.0
 40
3.0
 40
3.0
 40
4.0
 40
4.0
 40
4.0
 40
5.0
 40
5.0
 40
5.0
 40
6.0
 40
6.0
 40
6.0
 40
6.0
 10
4.000009419468017
 20
4.074980985834684
 30
0.0
 10
4.000009419468017
 20
4.171633610335609
 30
0.0
 10
3.921660572228389
 20
4.249975675886738
 30
0.0
 10
3.825014729415964
 20
4.249975675886738
 30
0.0
 10
3.728362104915039
 20
4.249975675886738
 30
0.0
 10
3.65001325767541
 20
4.171633610335609
 30
0.0
 10
3.65001325767541
 20
4.074980985834684
 30
0.0
 10
3.65001325767541
 20
3.978328361333759
 30
0.0
 10
3.728362104915039
 20
3.89995916902863
 30
0.0
 10
3.825014729415964
 20
3.89995916902863
 30
0.0
 10
3.921660572228389
 20
3.89995916902863
 30
0.0
 10
4.000009419468017
 20
3.978328361333759
 30
0.0
 10
4.000009419468017
 20
4.074980985834684
 30
0.0
 10
4.000009419468017
 20
4.074980985834684
 30
0.0
 10
4.000009419468017
 20
4.074980985834684
 30
0.0
 10
4.000009419468017
 20
4.074980985834684
 30
0.0
 10
4.000009419468017
 20
4.074980985834684
 30
0.0
 10
4.000009419468017
 20
4.074980985834684
 30
0.0
 10
4.000009419468017
 20
4.074980985834684
 30
0.0
  0
ENDBLK
  5
1C8
330
1C5
100
AcDbEntity
  8
0
100
AcDbBlockEnd
  0
BLOCK
  5
1CC
330
1CA
100
AcDbEntity
  8
0
100
AcDbBlockBegin
  2
block 60
 70
     0
 71
     0
 10
0.0
 20
0.0
 30
0.0
  3
block 60
  1

  0
SPLINE
  5
1CE
330
1CA
100
AcDbEntity
  8
visual
 62
   254
420
 14606304
370
    18
100
AcDbSpline
210
0.0
220
0.0
230
1.0
 70
    11
 71
     3
 72
    23
 73
    19
 74
     0
 42
0.0000000001
 43
0.0000000001
 40
0.0
 40
0.0
 40
0.0
 40
0.0
 40
1.0
 40
1.0
 40
1.0
 40
2.0
 40
2.0
 40
2.0
 40
3.0
 40
3.0
 40
3.0
 40
4.0
 40
4.0
 40
4.0
 40
5.0
 40
5.0
 40
5.0
 40
6.0
 40
6.0
 40
6.0
 40
6.0
 10
4.500030094255957
 20
4.074980985834684
 30
0.0
 10
4.500030094255957
 20
4.171633610335609
 30
0.0
 10
4.421660901950829
 20
4.249975675886738
 30
0.0
 10
4.325035404203903
 20
4.249975675886738
 30
0.0
 10
4.228362434637478
 20
4.249975675886738
 30
0.0
 10
4.15002036908635
 20
4.171633610335609
 30
0.0
 10
4.15002036908635
 20
4.074980985834684
 30
0.0
 10
4.15002036908635
 20
3.978328361333759
 30
0.0
 10
4.228362434637478
 20
3.89995916902863
 30
0.0
 10
4.325035404203903
 20
3.89995916902863
 30
0.0
 10
4.421660901950829
 20
3.89995916902863
 30
0.0
 10
4.500030094255957
 20
3.978328361333759
 30
0.0
 10
4.500030094255957
 20
4.074980985834684
 30
0.0
 10
4.500030094255957
 20
4.074980985834684
 30
0.0
 10
4.500030094255957
 20
4.074980985834684
 30
0.0
 10
4.500030094255957
 20
4.074980985834684
 30
0.0
 10
4.500030094255957
 20
4.074980985834684
 30
0.0
 10
4.500030094255957
 20
4.074980985834684
 30
0.0
 10
4.500030094255957
 20
4.074980985834684
 30
0.0
  0
ENDBLK
  5
1CD
330
1CA
100
AcDbEntity
  8
0
100
AcDbBlockEnd
  0
BLOCK
  5
1D1
330
1CF
100
AcDbEntity
  8
0
100
AcDbBlockBegin
  2
block 61
 70
     0
 71
     0
 10
0.0
 20
0.0
 30
0.0
  3
block 61
  1

  0
SPLINE
  5
1D3
330
1CF
100
AcDbEntity
  8
visual
 62
   254
420
 14606304
370
    18
100
AcDbSpline
210
0.0
220
0.0
230
1.0
 70
    11
 71
     3
 72
    23
 73
    19
 74
     0
 42
0.0000000001
 43
0.0000000001
 40
0.0
 40
0.0
 40
0.0
 40
0.0
 40
1.0
 40
1.0
 40
1.0
 40
2.0
 40
2.0
 40
2.0
 40
3.0
 40
3.0
 40
3.0
 40
4.0
 40
4.0
 40
4.0
 40
5.0
 40
5.0
 40
5.0
 40
6.0
 40
6.0
 40
6.0
 40
6.0
 10
4.000009419468017
 20
7.200003391665431
 30
0.0
 10
4.000009419468017
 20
7.296649234477857
 30
0.0
 10
3.921660572228389
 20
7.374998081717486
 30
0.0
 10
3.825014729415964
 20
7.374998081717486
 30
0.0
 10
3.728362104915039
 20
7.374998081717486
 30
0.0
 10
3.65001325767541
 20
7.296649234477857
 30
0.0
 10
3.65001325767541
 20
7.200003391665431
 30
0.0
 10
3.65001325767541
 20
7.103350767164507
 30
0.0
 10
3.728362104915039
 20
7.025001919924878
 30
0.0
 10
3.825014729415964
 20
7.025001919924878
 30
0.0
 10
3.921660572228389
 20
7.025001919924878
 30
0.0
 10
4.000009419468017
 20
7.103350767164507
 30
0.0
 10
4.000009419468017
 20
7.200003391665431
 30
0.0
 10
4.000009419468017
 20
7.200003391665431
 30
0.0
 10
4.000009419468017
 20
7.200003391665431
 30
0.0
 10
4.000009419468017
 20
7.200003391665431
 30
0.0
 10
4.000009419468017
 20
7.200003391665431
 30
0.0
 10
4.000009419468017
 20
7.200003391665431
 30
0.0
 10
4.000009419468017
 20
7.200003391665431
 30
0.0
  0
ENDBLK
  5
1D2
330
1CF
100
AcDbEntity
  8
0
100
AcDbBlockEnd
  0
BLOCK
  5
1D6
330
1D4
100
AcDbEntity
  8
0
100
AcDbBlockBegin
  2
block 62
 70
     0
 71
     0
 10
0.0
 20
0.0
 30
0.0
  3
block 62
  1

  0
SPLINE
  5
1D8
330
1D4
100
AcDbEntity
  8
visual
 62
   254
420
 14606304
370
    18
100
AcDbSpline
210
0.0
220
0.0
230
1.0
 70
    11
 71
     3
 72
    23
 73
    19
 74
     0
 42
0.0000000001
 43
0.0000000001
 40
0.0
 40
0.0
 40
0.0
 40
0.0
 40
1.0
 40
1.0
 40
1.0
 40
2.0
 40
2.0
 40
2.0
 40
3.0
 40
3.0
 40
3.0
 40
4.0
 40
4.0
 40
4.0
 40
5.0
 40
5.0
 40
5.0
 40
6.0
 40
6.0
 40
6.0
 40
6.0
 10
4.000009419468017
 20
5.699988839121112
 30
0.0
 10
4.000009419468017
 20
5.796641463622038
 30
0.0
 10
3.921660572228389
 20
5.874990310861667
 30
0.0
 10
3.825014729415964
 20
5.874990310861667
 30
0.0
 10
3.728362104915039
 20
5.874990310861667
 30
0.0
 10
3.65001325767541
 20
5.796641463622038
 30
0.0
 10
3.65001325767541
 20
5.699988839121112
 30
0.0
 10
3.65001325767541
 20
5.603336214620188
 30
0.0
 10
3.728362104915039
 20
5.524980585692059
 30
0.0
 10
3.825014729415964
 20
5.524980585692059
 30
0.0
 10
3.921660572228389
 20
5.524980585692059
 30
0.0
 10
4.000009419468017
 20
5.603336214620188
 30
0.0
 10
4.000009419468017
 20
5.699988839121112
 30
0.0
 10
4.000009419468017
 20
5.699988839121112
 30
0.0
 10
4.000009419468017
 20
5.699988839121112
 30
0.0
 10
4.000009419468017
 20
5.699988839121112
 30
0.0
 10
4.000009419468017
 20
5.699988839121112
 30
0.0
 10
4.000009419468017
 20
5.699988839121112
 30
0.0
 10
4.000009419468017
 20
5.699988839121112
 30
0.0
  0
ENDBLK
  5
1D7
330
1D4
100
AcDbEntity
  8
0
100
AcDbBlockEnd
  0
ENDSEC
  0
SECTION
  2
ENTITIES
  0
INSERT
  5
3D
330
1F
100
AcDbEntity
  8
Layer 3
100
AcDbBlockReference
  2
block 2
 10
0.0
 20
0.0
 30
0.0
  0
INSERT
  5
57
330
1F
100
AcDbEntity
  8
Layer 3
100
AcDbBlockReference
  2
block 3
 10
0.0
 20
0.0
 30
0.0
  0
INSERT
  5
5D
330
1F
100
AcDbEntity
  8
Layer 3
100
AcDbBlockReference
  2
block 4
 10
0.0
 20
0.0
 30
0.0
  0
INSERT
  5
63
330
1F
100
AcDbEntity
  8
Layer 3
100
AcDbBlockReference
  2
block 5
 10
0.0
 20
0.0
 30
0.0
  0
INSERT
  5
75
330
1F
100
AcDbEntity
  8
Layer 3
100
AcDbBlockReference
  2
block 6
 10
0.0
 20
0.0
 30
0.0
  0
INSERT
  5
7B
330
1F
100
AcDbEntity
  8
Layer 3
100
AcDbBlockReference
  2
block 7
 10
0.0
 20
0.0
 30
0.0
  0
INSERT
  5
81
330
1F
100
AcDbEntity
  8
Layer 3
100
AcDbBlockReference
  2
block 8
 10
0.0
 20
0.0
 30
0.0
  0
INSERT
  5
87
330
1F
100
AcDbEntity
  8
Layer 3
100
AcDbBlockReference
  2
block 9
 10
0.0
 20
0.0
 30
0.0
  0
INSERT
  5
8D
330
1F
100
AcDbEntity
  8
Layer 3
100
AcDbBlockReference
  2
block 10
 10
0.0
 20
0.0
 30
0.0
  0
INSERT
  5
93
330
1F
100
AcDbEntity
  8
Layer 3
100
AcDbBlockReference
  2
block 11
 10
0.0
 20
0.0
 30
0.0
  0
INSERT
  5
99
330
1F
100
AcDbEntity
  8
Layer 3
100
AcDbBlockReference
  2
block 12
 10
0.0
 20
0.0
 30
0.0
  0
INSERT
  5
9F
330
1F
100
AcDbEntity
  8
Layer 3
100
AcDbBlockReference
  2
block 13
 10
0.0
 20
0.0
 30
0.0
  0
INSERT
  5
A6
330
1F
100
AcDbEntity
  8
cut
100
AcDbBlockReference
  2
block 14
 10
0.0
 20
0.0
 30
0.0
  0
INSERT
  5
AE
330
1F
100
AcDbEntity
  8
cut
100
AcDbBlockReference
  2
block 15
 10
0.0
 20
0.0
 30
0.0
  0
INSERT
  5
B6
330
1F
100
AcDbEntity
  8
cut
100
AcDbBlockReference
  2
block 16
 10
0.0
 20
0.0
 30
0.0
  0
INSERT
  5
BE
330
1F
100
AcDbEntity
  8
cut
100
AcDbBlockReference
  2
block 17
 10
0.0
 20
0.0
 30
0.0
  0
INSERT
  5
C6
330
1F
100
AcDbEntity
  8
cut
100
AcDbBlockReference
  2
block 18
 10
0.0
 20
0.0
 30
0.0
  0
INSERT
  5
CE
330
1F
100
AcDbEntity
  8
cut
100
AcDbBlockReference
  2
block 19
 10
0.0
 20
0.0
 30
0.0
  0
INSERT
  5
D3
330
1F
100
AcDbEntity
  8
cut
100
AcDbBlockReference
  2
block 20
 10
0.0
 20
0.0
 30
0.0
  0
INSERT
  5
DB
330
1F
100
AcDbEntity
  8
cut
100
AcDbBlockReference
  2
block 21
 10
0.0
 20
0.0
 30
0.0
  0
INSERT
  5
E0
330
1F
100
AcDbEntity
  8
cut
100
AcDbBlockReference
  2
block 22
 10
0.0
 20
0.0
 30
0.0
  0
INSERT
  5
E8
330
1F
100
AcDbEntity
  8
cut
100
AcDbBlockReference
  2
block 23
 10
0.0
 20
0.0
 30
0.0
  0
INSERT
  5
ED
330
1F
100
AcDbEntity
  8
cut
100
AcDbBlockReference
  2
block 24
 10
0.0
 20
0.0
 30
0.0
  0
INSERT
  5
F5
330
1F
100
AcDbEntity
  8
cut
100
AcDbBlockReference
  2
block 25
 10
0.0
 20
0.0
 30
0.0
  0
INSERT
  5
FA
330
1F
100
AcDbEntity
  8
cut
100
AcDbBlockReference
  2
block 26
 10
0.0
 20
0.0
 30
0.0
  0
INSERT
  5
FF
330
1F
100
AcDbEntity
  8
cut
100
AcDbBlockReference
  2
block 27
 10
0.0
 20
0.0
 30
0.0
  0
INSERT
  5
104
330
1F
100
AcDbEntity
  8
cut
100
AcDbBlockReference
  2
block 28
 10
0.0
 20
0.0
 30
0.0
  0
INSERT
  5
109
330
1F
100
AcDbEntity
  8
cut
100
AcDbBlockReference
  2
block 29
 10
0.0
 20
0.0
 30
0.0
  0
INSERT
  5
10E
330
1F
100
AcDbEntity
  8
cut
100
AcDbBlockReference
  2
block 30
 10
0.0
 20
0.0
 30
0.0
  0
INSERT
  5
113
330
1F
100
AcDbEntity
  8
cut
100
AcDbBlockReference
  2
block 31
 10
0.0
 20
0.0
 30
0.0
  0
INSERT
  5
118
330
1F
100
AcDbEntity
  8
cut
100
AcDbBlockReference
  2
block 32
 10
0.0
 20
0.0
 30
0.0
  0
INSERT
  5
11D
330
1F
100
AcDbEntity
  8
cut
100
AcDbBlockReference
  2
block 33
 10
0.0
 20
0.0
 30
0.0
  0
INSERT
  5
122
330
1F
100
AcDbEntity
  8
cut
100
AcDbBlockReference
  2
block 34
 10
0.0
 20
0.0
 30
0.0
  0
INSERT
  5
127
330
1F
100
AcDbEntity
  8
cut
100
AcDbBlockReference
  2
block 35
 10
0.0
 20
0.0
 30
0.0
  0
INSERT
  5
12C
330
1F
100
AcDbEntity
  8
cut
100
AcDbBlockReference
  2
block 36
 10
0.0
 20
0.0
 30
0.0
  0
INSERT
  5
131
330
1F
100
AcDbEntity
  8
cut
100
AcDbBlockReference
  2
block 37
 10
0.0
 20
0.0
 30
0.0
  0
INSERT
  5
136
330
1F
100
AcDbEntity
  8
cut
100
AcDbBlockReference
  2
block 38
 10
0.0
 20
0.0
 30
0.0
  0
INSERT
  5
13B
330
1F
100
AcDbEntity
  8
cut
100
AcDbBlockReference
  2
block 39
 10
0.0
 20
0.0
 30
0.0
  0
INSERT
  5
140
330
1F
100
AcDbEntity
  8
cut
100
AcDbBlockReference
  2
block 40
 10
0.0
 20
0.0
 30
0.0
  0
INSERT
  5
145
330
1F
100
AcDbEntity
  8
cut
100
AcDbBlockReference
  2
block 41
 10
0.0
 20
0.0
 30
0.0
  0
INSERT
  5
14A
330
1F
100
AcDbEntity
  8
cut
100
AcDbBlockReference
  2
block 42
 10
0.0
 20
0.0
 30
0.0
  0
INSERT
  5
14F
330
1F
100
AcDbEntity
  8
cut
100
AcDbBlockReference
  2
block 43
 10
0.0
 20
0.0
 30
0.0
  0
INSERT
  5
154
330
1F
100
AcDbEntity
  8
cut
100
AcDbBlockReference
  2
block 44
 10
0.0
 20
0.0
 30
0.0
  0
INSERT
  5
159
330
1F
100
AcDbEntity
  8
cut
100
AcDbBlockReference
  2
block 45
 10
0.0
 20
0.0
 30
0.0
  0
INSERT
  5
15E
330
1F
100
AcDbEntity
  8
cut
100
AcDbBlockReference
  2
block 46
 10
0.0
 20
0.0
 30
0.0
  0
INSERT
  5
163
330
1F
100
AcDbEntity
  8
cut
100
AcDbBlockReference
  2
block 47
 10
0.0
 20
0.0
 30
0.0
  0
INSERT
  5
168
330
1F
100
AcDbEntity
  8
cut
100
AcDbBlockReference
  2
block 48
 10
0.0
 20
0.0
 30
0.0
  0
INSERT
  5
170
330
1F
100
AcDbEntity
  8
cut
100
AcDbBlockReference
  2
block 49
 10
0.0
 20
0.0
 30
0.0
  0
SPLINE
  5
177
330
1F
100
AcDbEntity
  8
cut
 62
   253
420
 10987948
370
    18
100
AcDbSpline
210
0.0
220
0.0
230
1.0
 70
     8
 71
     3
 72
    11
 73
     7
 74
     0
 42
0.0000000001
 43
0.0000000001
 40
0.0
 40
0.0
 40
0.0
 40
0.0
 40
1.0
 40
1.0
 40
1.0
 40
2.0
 40
2.0
 40
2.0
 40
2.0
 10
3.625009172176188
 20
7.923826568639383
 30
0.0
 10
3.625009172176188
 20
7.89621153306769
 30
0.0
 10
3.647395525914439
 20
7.873825179329438
 30
0.0
 10
3.675010561486132
 20
7.873825179329438
 30
0.0
 10
3.675010561486132
 20
7.873825179329438
 30
0.0
 10
3.675010561486132
 20
7.873825179329438
 30
0.0
 10
3.675010561486132
 20
7.873825179329438
 30
0.0
  0
POLYLINE
  5
178
330
1F
100
AcDbEntity
  8
cut
 62
   253
420
 10987948
370
    18
100
AcDb2dPolyline
 66
     1
 10
0.0
 20
0.0
 30
0.0
  0
VERTEX
  5
179
330
178
100
AcDbEntity
  8
cut
 62
   253
420
 10987948
370
    18
100
AcDbVertex
100
AcDb2dVertex
 10
3.675010561486132
 20
7.873825179329438
 30
0.0
  0
VERTEX
  5
17A
330
178
100
AcDbEntity
  8
cut
 62
   253
420
 10987948
370
    18
100
AcDbVertex
100
AcDb2dVertex
 10
3.77501334010602
 20
7.873825179329438
 30
0.0
  0
SEQEND
  5
17B
330
178
100
AcDbEntity
  8
cut
370
    18
  0
SPLINE
  5
17C
330
1F
100
AcDbEntity
  8
cut
 62
   253
420
 10987948
370
    18
100
AcDbSpline
210
0.0
220
0.0
230
1.0
 70
     8
 71
     3
 72
    11
 73
     7
 74
     0
 42
0.0000000001
 43
0.0000000001
 40
0.0
 40
0.0
 40
0.0
 40
0.0
 40
1.0
 40
1.0
 40
1.0
 40
2.0
 40
2.0
 40
2.0
 40
2.0
 10
3.77501334010602
 20
7.873825179329438
 30
0.0
 10
3.802628375677712
 20
7.873825179329438
 30
0.0
 10
3.825007947727463
 20
7.89621153306769
 30
0.0
 10
3.825007947727463
 20
7.923826568639383
 30
0.0
 10
3.825007947727463
 20
7.923826568639383
 30
0.0
 10
3.825007947727463
 20
7.923826568639383
 30
0.0
 10
3.825007947727463
 20
7.923826568639383
 30
0.0
  0
SPLINE
  5
17D
330
1F
100
AcDbEntity
  8
cut
 62
   253
420
 10987948
370
    18
100
AcDbSpline
210
0.0
220
0.0
230
1.0
 70
     8
 71
     3
 72
    11
 73
     7
 74
     0
 42
0.0000000001
 43
0.0000000001
 40
0.0
 40
0.0
 40
0.0
 40
0.0
 40
1.0
 40
1.0
 40
1.0
 40
2.0
 40
2.0
 40
2.0
 40
2.0
 10
3.825007947727463
 20
7.948844217515604
 30
0.0
 10
3.825007947727463
 20
7.976459253087297
 30
0.0
 10
3.802628375677712
 20
7.998845606825548
 30
0.0
 10
3.77501334010602
 20
7.998845606825548
 30
0.0
 10
3.77501334010602
 20
7.998845606825548
 30
0.0
 10
3.77501334010602
 20
7.998845606825548
 30
0.0
 10
3.77501334010602
 20
7.998845606825548
 30
0.0
  0
POLYLINE
  5
17E
330
1F
100
AcDbEntity
  8
cut
 62
   253
420
 10987948
370
    18
100
AcDb2dPolyline
 66
     1
 10
0.0
 20
0.0
 30
0.0
  0
VERTEX
  5
17F
330
17E
100
AcDbEntity
  8
cut
 62
   253
420
 10987948
370
    18
100
AcDbVertex
100
AcDb2dVertex
 10
3.77501334010602
 20
7.998845606825548
 30
0.0
  0
VERTEX
  5
180
330
17E
100
AcDbEntity
  8
cut
 62
   253
420
 10987948
370
    18
100
AcDbVertex
100
AcDb2dVertex
 10
3.675010561486132
 20
7.998845606825548
 30
0.0
  0
SEQEND
  5
181
330
17E
100
AcDbEntity
  8
cut
370
    18
  0
SPLINE
  5
182
330
1F
100
AcDbEntity
  8
cut
 62
   253
420
 10987948
370
    18
100
AcDbSpline
210
0.0
220
0.0
230
1.0
 70
     8
 71
     3
 72
    11
 73
     7
 74
     0
 42
0.0000000001
 43
0.0000000001
 40
0.0
 40
0.0
 40
0.0
 40
0.0
 40
1.0
 40
1.0
 40
1.0
 40
2.0
 40
2.0
 40
2.0
 40
2.0
 10
3.675010561486132
 20
7.998845606825548
 30
0.0
 10
3.647395525914439
 20
7.998845606825548
 30
0.0
 10
3.625009172176188
 20
7.976459253087297
 30
0.0
 10
3.625009172176188
 20
7.948844217515604
 30
0.0
 10
3.625009172176188
 20
7.948844217515604
 30
0.0
 10
3.625009172176188
 20
7.948844217515604
 30
0.0
 10
3.625009172176188
 20
7.948844217515604
 30
0.0
  0
INSERT
  5
184
330
1F
100
AcDbEntity
  8
cut
100
AcDbBlockReference
  2
block 50
 10
0.0
 20
0.0
 30
0.0
  0
INSERT
  5
18C
330
1F
100
AcDbEntity
  8
cut
100
AcDbBlockReference
  2
block 51
 10
0.0
 20
0.0
 30
0.0
  0
SPLINE
  5
193
330
1F
100
AcDbEntity
  8
cut
 62
   253
420
 10987948
370
    18
100
AcDbSpline
210
0.0
220
0.0
230
1.0
 70
     8
 71
     3
 72
    11
 73
     7
 74
     0
 42
0.0000000001
 43
0.0000000001
 40
0.0
 40
0.0
 40
0.0
 40
0.0
 40
1.0
 40
1.0
 40
1.0
 40
2.0
 40
2.0
 40
2.0
 40
2.0
 10
3.625009172176188
 20
3.099991193577526
 30
0.0
 10
3.625009172176188
 20
3.072376158005834
 30
0.0
 10
3.647395525914439
 20
3.049983022579082
 30
0.0
 10
3.675010561486132
 20
3.049983022579082
 30
0.0
 10
3.675010561486132
 20
3.049983022579082
 30
0.0
 10
3.675010561486132
 20
3.049983022579082
 30
0.0
 10
3.675010561486132
 20
3.049983022579082
 30
0.0
  0
POLYLINE
  5
194
330
1F
100
AcDbEntity
  8
cut
 62
   253
420
 10987948
370
    18
100
AcDb2dPolyline
 66
     1
 10
0.0
 20
0.0
 30
0.0
  0
VERTEX
  5
195
330
194
100
AcDbEntity
  8
cut
 62
   253
420
 10987948
370
    18
100
AcDbVertex
100
AcDb2dVertex
 10
3.675010561486132
 20
3.049983022579082
 30
0.0
  0
VERTEX
  5
196
330
194
100
AcDbEntity
  8
cut
 62
   253
420
 10987948
370
    18
100
AcDbVertex
100
AcDb2dVertex
 10
3.77501334010602
 20
3.049983022579082
 30
0.0
  0
SEQEND
  5
197
330
194
100
AcDbEntity
  8
cut
370
    18
  0
SPLINE
  5
198
330
1F
100
AcDbEntity
  8
cut
 62
   253
420
 10987948
370
    18
100
AcDbSpline
210
0.0
220
0.0
230
1.0
 70
     8
 71
     3
 72
    11
 73
     7
 74
     0
 42
0.0000000001
 43
0.0000000001
 40
0.0
 40
0.0
 40
0.0
 40
0.0
 40
1.0
 40
1.0
 40
1.0
 40
2.0
 40
2.0
 40
2.0
 40
2.0
 10
3.77501334010602
 20
3.049983022579082
 30
0.0
 10
3.802628375677712
 20
3.049983022579082
 30
0.0
 10
3.825007947727463
 20
3.072376158005834
 30
0.0
 10
3.825007947727463
 20
3.099991193577526
 30
0.0
 10
3.825007947727463
 20
3.099991193577526
 30
0.0
 10
3.825007947727463
 20
3.099991193577526
 30
0.0
 10
3.825007947727463
 20
3.099991193577526
 30
0.0
  0
SPLINE
  5
199
330
1F
100
AcDbEntity
  8
cut
 62
   253
420
 10987948
370
    18
100
AcDbSpline
210
0.0
220
0.0
230
1.0
 70
     8
 71
     3
 72
    11
 73
     7
 74
     0
 42
0.0000000001
 43
0.0000000001
 40
0.0
 40
0.0
 40
0.0
 40
0.0
 40
1.0
 40
1.0
 40
1.0
 40
2.0
 40
2.0
 40
2.0
 40
2.0
 10
3.825007947727463
 20
3.125002060765248
 30
0.0
 10
3.825007947727463
 20
3.152617096336941
 30
0.0
 10
3.802628375677712
 20
3.174996668386692
 30
0.0
 10
3.77501334010602
 20
3.174996668386692
 30
0.0
 10
3.77501334010602
 20
3.174996668386692
 30
0.0
 10
3.77501334010602
 20
3.174996668386692
 30
0.0
 10
3.77501334010602
 20
3.174996668386692
 30
0.0
  0
POLYLINE
  5
19A
330
1F
100
AcDbEntity
  8
cut
 62
   253
420
 10987948
370
    18
100
AcDb2dPolyline
 66
     1
 10
0.0
 20
0.0
 30
0.0
  0
VERTEX
  5
19B
330
19A
100
AcDbEntity
  8
cut
 62
   253
420
 10987948
370
    18
100
AcDbVertex
100
AcDb2dVertex
 10
3.77501334010602
 20
3.174996668386692
 30
0.0
  0
VERTEX
  5
19C
330
19A
100
AcDbEntity
  8
cut
 62
   253
420
 10987948
370
    18
100
AcDbVertex
100
AcDb2dVertex
 10
3.675010561486132
 20
3.174996668386692
 30
0.0
  0
SEQEND
  5
19D
330
19A
100
AcDbEntity
  8
cut
370
    18
  0
SPLINE
  5
19E
330
1F
100
AcDbEntity
  8
cut
 62
   253
420
 10987948
370
    18
100
AcDbSpline
210
0.0
220
0.0
230
1.0
 70
     8
 71
     3
 72
    11
 73
     7
 74
     0
 42
0.0000000001
 43
0.0000000001
 40
0.0
 40
0.0
 40
0.0
 40
0.0
 40
1.0
 40
1.0
 40
1.0
 40
2.0
 40
2.0
 40
2.0
 40
2.0
 10
3.675010561486132
 20
3.174996668386692
 30
0.0
 10
3.647395525914439
 20
3.174996668386692
 30
0.0
 10
3.625009172176188
 20
3.152617096336941
 30
0.0
 10
3.625009172176188
 20
3.125002060765248
 30
0.0
 10
3.625009172176188
 20
3.125002060765248
 30
0.0
 10
3.625009172176188
 20
3.125002060765248
 30
0.0
 10
3.625009172176188
 20
3.125002060765248
 30
0.0
  0
SPLINE
  5
19F
330
1F
100
AcDbEntity
  8
cut
 62
   253
420
 10987948
370
    18
100
AcDbSpline
210
0.0
220
0.0
230
1.0
 70
    11
 71
     3
 72
    17
 73
    13
 74
     0
 42
0.0000000001
 43
0.0000000001
 40
0.0
 40
0.0
 40
0.0
 40
0.0
 40
1.0
 40
1.0
 40
1.0
 40
2.0
 40
2.0
 40
2.0
 40
3.0
 40
3.0
 40
3.0
 40
4.0
 40
4.0
 40
4.0
 40
4.0
 10
4.646501002477328
 20
3.64999969429841
 30
0.0
 10
4.646501002477328
 20
3.682592489229048
 30
0.0
 10
4.620093107458622
 20
3.709000384247754
 30
0.0
 10
4.587513875904984
 20
3.709000384247754
 30
0.0
 10
4.554921080974347
 20
3.709000384247754
 30
0.0
 10
4.52851318595564
 20
3.682592489229048
 30
0.0
 10
4.52851318595564
 20
3.64999969429841
 30
0.0
 10
4.52851318595564
 20
3.617420462744772
 30
0.0
 10
4.554921080974347
 20
3.591012567726066
 30
0.0
 10
4.587513875904984
 20
3.591012567726066
 30
0.0
 10
4.620093107458622
 20
3.591012567726066
 30
0.0
 10
4.646501002477328
 20
3.617420462744772
 30
0.0
 10
4.646501002477328
 20
3.64999969429841
 30
0.0
  0
INSERT
  5
1A2
330
1F
100
AcDbEntity
  8
visual
100
AcDbBlockReference
  2
block 52
 10
0.0
 20
0.0
 30
0.0
  0
INSERT
  5
1A8
330
1F
100
AcDbEntity
  8
visual
100
AcDbBlockReference
  2
block 53
 10
0.0
 20
0.0
 30
0.0
  0
INSERT
  5
1AD
330
1F
100
AcDbEntity
  8
visual
100
AcDbBlockReference
  2
block 54
 10
0.0
 20
0.0
 30
0.0
  0
INSERT
  5
1B2
330
1F
100
AcDbEntity
  8
visual
100
AcDbBlockReference
  2
block 55
 10
0.0
 20
0.0
 30
0.0
  0
INSERT
  5
1B7
330
1F
100
AcDbEntity
  8
visual
100
AcDbBlockReference
  2
block 56
 10
0.0
 20
0.0
 30
0.0
  0
INSERT
  5
1BC
330
1F
100
AcDbEntity
  8
visual
100
AcDbBlockReference
  2
block 57
 10
0.0
 20
0.0
 30
0.0
  0
INSERT
  5
1C1
330
1F
100
AcDbEntity
  8
visual
100
AcDbBlockReference
  2
block 58
 10
0.0
 20
0.0
 30
0.0
  0
INSERT
  5
1C6
330
1F
100
AcDbEntity
  8
visual
100
AcDbBlockReference
  2
block 59
 10
0.0
 20
0.0
 30
0.0
  0
INSERT
  5
1CB
330
1F
100
AcDbEntity
  8
visual
100
AcDbBlockReference
  2
block 60
 10
0.0
 20
0.0
 30
0.0
  0
INSERT
  5
1D0
330
1F
100
AcDbEntity
  8
visual
100
AcDbBlockReference
  2
block 61
 10
0.0
 20
0.0
 30
0.0
  0
INSERT
  5
1D5
330
1F
100
AcDbEntity
  8
visual
100
AcDbBlockReference
  2
block 62
 10
0.0
 20
0.0
 30
0.0
  0
ENDSEC
  0
SECTION
  2
OBJECTS
  0
DICTIONARY
  5
C
330
0
100
AcDbDictionary
281
     1
  3
ACAD_GROUP
350
D
  3
ACAD_LAYOUT
350
1A
  3
ACAD_MLINESTYLE
350
17
  3
ACAD_PLOTSETTINGS
350
19
  3
ACAD_PLOTSTYLENAME
350
E
  3
ACAD_TABLESTYLE
350
1D9
  3
ACAD_VISUALSTYLE
350
2A
  0
DICTIONARY
  5
D
102
{ACAD_REACTORS
330
C
102
}
330
C
100
AcDbDictionary
281
     1
  0
DICTIONARY
  5
1A
102
{ACAD_REACTORS
330
C
102
}
330
C
100
AcDbDictionary
281
     1
  3
Layout1
350
1E
  3
Layout2
350
26
  3
Model
350
22
  0
DICTIONARY
  5
17
102
{ACAD_REACTORS
330
C
102
}
330
C
100
AcDbDictionary
281
     1
  3
Standard
350
18
  0
DICTIONARY
  5
19
102
{ACAD_REACTORS
330
C
102
}
330
C
100
AcDbDictionary
281
     1
  0
ACDBDICTIONARYWDFLT
  5
E
102
{ACAD_REACTORS
330
C
102
}
330
C
100
AcDbDictionary
281
     1
  3
Normal
350
F
100
AcDbDictionaryWithDefault
340
F
  0
DICTIONARY
  5
1D9
102
{ACAD_REACTORS
330
C
102
}
330
C
100
AcDbDictionary
281
     1
  0
DICTIONARY
  5
2A
102
{ACAD_REACTORS
330
C
102
}
330
C
100
AcDbDictionary
281
     1
  3
2dWireframe
350
2F
  3
3D Hidden
350
31
  3
3dWireframe
350
30
  3
Basic
350
32
  3
Brighten
350
36
  3
ColorChange
350
3A
  3
Conceptual
350
34
  3
Dim
350
35
  3
Facepattern
350
39
  3
Flat
350
2B
  3
FlatWithEdges
350
2C
  3
Gouraud
350
2D
  3
GouraudWithEdges
350
2E
  3
Linepattern
350
38
  3
Realistic
350
33
  3
Thicken
350
37
  0
LAYOUT
  5
1E
102
{ACAD_REACTORS
330
1A
102
}
330
1A
100
AcDbPlotSettings
  1

  2
none_device
  4

  6

 40
0.0
 41
0.0
 42
0.0
 43
0.0
 44
0.0
 45
0.0
 46
0.0
 47
0.0
 48
0.0
 49
0.0
140
0.0
141
0.0
142
1.0
143
1.0
 70
   688
 72
     0
 73
     0
 74
     5
  7

 75
    16
 76
     0
 77
     2
 78
   300
147
1.0
148
0.0
149
0.0
100
AcDbLayout
  1
Layout1
 70
     1
 71
     1
 10
0.0
 20
0.0
 11
12.0
 21
9.0
 12
0.0
 22
0.0
 32
0.0
 14
1.000000000000000E+20
 24
1.000000000000000E+20
 34
1.000000000000000E+20
 15
-1.000000000000000E+20
 25
-1.000000000000000E+20
 35
-1.000000000000000E+20
146
0.0
 13
0.0
 23
0.0
 33
0.0
 16
1.0
 26
0.0
 36
0.0
 17
0.0
 27
1.0
 37
0.0
 76
     0
330
1B
  0
LAYOUT
  5
26
102
{ACAD_REACTORS
330
1A
102
}
330
1A
100
AcDbPlotSettings
  1

  2
none_device
  4

  6

 40
0.0
 41
0.0
 42
0.0
 43
0.0
 44
0.0
 45
0.0
 46
0.0
 47
0.0
 48
0.0
 49
0.0
140
0.0
141
0.0
142
1.0
143
1.0
 70
   688
 72
     0
 73
     0
 74
     5
  7

 75
    16
 76
     0
 77
     2
 78
   300
147
1.0
148
0.0
149
0.0
100
AcDbLayout
  1
Layout2
 70
     1
 71
     2
 10
0.0
 20
0.0
 11
0.0
 21
0.0
 12
0.0
 22
0.0
 32
0.0
 14
0.0
 24
0.0
 34
0.0
 15
0.0
 25
0.0
 35
0.0
146
0.0
 13
0.0
 23
0.0
 33
0.0
 16
1.0
 26
0.0
 36
0.0
 17
0.0
 27
1.0
 37
0.0
 76
     0
330
23
  0
LAYOUT
  5
22
102
{ACAD_REACTORS
330
1A
102
}
330
1A
100
AcDbPlotSettings
  1

  2
none_device
  4

  6

 40
0.0
 41
0.0
 42
0.0
 43
0.0
 44
0.0
 45
0.0
 46
0.0
 47
0.0
 48
0.0
 49
0.0
140
0.0
141
0.0
142
1.0
143
1.0
 70
  1712
 72
     0
 73
     0
 74
     0
  7

 75
     0
 76
     0
 77
     2
 78
   300
147
1.0
148
0.0
149
0.0
100
AcDbLayout
  1
Model
 70
     1
 71
     0
 10
0.0
 20
0.0
 11
12.0
 21
9.0
 12
0.0
 22
0.0
 32
0.0
 14
1.000000000000000E+20
 24
1.000000000000000E+20
 34
1.000000000000000E+20
 15
-1.000000000000000E+20
 25
-1.000000000000000E+20
 35
-1.000000000000000E+20
146
0.0
 13
0.0
 23
0.0
 33
0.0
 16
1.0
 26
0.0
 36
0.0
 17
0.0
 27
1.0
 37
0.0
 76
     0
330
1F
331
29
  0
MLINESTYLE
  5
18
102
{ACAD_REACTORS
330
17
102
}
330
17
100
AcDbMlineStyle
  2
Standard
 70
     0
  3

 62
   256
 51
90.0
 52
90.0
 71
     2
 49
0.5
 62
   256
  6
BYLAYER
 49
-0.5
 62
   256
  6
BYLAYER
  0
ACDBPLACEHOLDER
  5
F
102
{ACAD_REACTORS
330
E
102
}
330
E
  0
VISUALSTYLE
  5
2F
102
{ACAD_REACTORS
330
2A
102
}
330
2A
100
AcDbVisualStyle
  2
2dWireframe
 70
     4
 71
     0
 72
     2
 73
     0
 90
        0
 40
-0.6
 41
-30.0
 62
     5
 63
     7
421
 16777215
 74
     1
 91
        4
 64
     7
 65
   257
 75
     1
175
     1
 42
1.0
 92
        0
 66
   257
 43
1.0
 76
     1
 77
     6
 78
     2
 67
     7
 79
     5
170
     0
171
     0
290
     0
174
     0
 93
        1
 44
0.0
173
     0
291
     0
 45
0.0
1001
ACAD
1000
AcDbSavedByObjectVersion
1070
     0
  0
VISUALSTYLE
  5
31
102
{ACAD_REACTORS
330
2A
102
}
330
2A
100
AcDbVisualStyle
  2
3D Hidden
 70
     6
 71
     1
 72
     2
 73
     2
 90
        0
 40
-0.6
 41
-30.0
 62
     5
 63
     7
421
 16777215
 74
     2
 91
        2
 64
     7
 65
   257
 75
     2
175
     1
 42
40.0
 92
        0
 66
   257
 43
1.0
 76
     1
 77
     6
 78
     2
 67
     7
 79
     3
170
     0
171
     0
290
     0
174
     0
 93
        1
 44
0.0
173
     0
291
     0
 45
0.0
1001
ACAD
1000
AcDbSavedByObjectVersion
1070
     0
  0
VISUALSTYLE
  5
30
102
{ACAD_REACTORS
330
2A
102
}
330
2A
100
AcDbVisualStyle
  2
3dWireframe
 70
     5
 71
     0
 72
     2
 73
     0
 90
        0
 40
-0.6
 41
-30.0
 62
     5
 63
     7
421
 16777215
 74
     1
 91
        4
 64
     7
 65
   257
 75
     1
175
     1
 42
1.0
 92
        0
 66
   257
 43
1.0
 76
     1
 77
     6
 78
     2
 67
     7
 79
     5
170
     0
171
     0
290
     0
174
     0
 93
        1
 44
0.0
173
     0
291
     0
 45
0.0
1001
ACAD
1000
AcDbSavedByObjectVersion
1070
     0
  0
VISUALSTYLE
  5
32
102
{ACAD_REACTORS
330
2A
102
}
330
2A
100
AcDbVisualStyle
  2
Basic
 70
     7
 71
     1
 72
     0
 73
     1
 90
        0
 40
-0.6
 41
-30.0
 62
     5
 63
     7
421
 16777215
 74
     0
 91
        4
 64
     7
 65
   257
 75
     1
175
     1
 42
1.0
 92
        8
 66
     7
 43
1.0
 76
     1
 77
     6
 78
     2
 67
     7
 79
     5
170
     0
171
     0
290
     0
174
     0
 93
        1
 44
0.0
173
     0
291
     1
 45
0.0
1001
ACAD
1000
AcDbSavedByObjectVersion
1070
     0
  0
VISUALSTYLE
  5
36
102
{ACAD_REACTORS
330
2A
102
}
330
2A
100
AcDbVisualStyle
  2
Brighten
 70
    12
 71
     2
 72
     2
 73
     0
 90
        0
 40
-0.6
 41
-30.0
 62
     5
 63
     7
421
 16777215
 74
     1
 91
        4
 64
     7
 65
   257
 75
     1
175
     1
 42
1.0
 92
        8
 66
     7
 43
1.0
 76
     1
 77
     6
 78
     2
 67
     7
 79
     5
170
     0
171
     0
290
     0
174
     0
 93
        1
 44
50.0
173
     0
291
     1
 45
0.0
1001
ACAD
1000
AcDbSavedByObjectVersion
1070
     0
  0
VISUALSTYLE
  5
3A
102
{ACAD_REACTORS
330
2A
102
}
330
2A
100
AcDbVisualStyle
  2
ColorChange
 70
    16
 71
     2
 72
     2
 73
     3
 90
        0
 40
-0.6
 41
-30.0
 62
     5
 63
     8
421
  8421504
 74
     1
 91
        4
 64
     7
 65
   257
 75
     1
175
     1
 42
1.0
 92
        8
 66
     8
424
  8421504
 43
1.0
 76
     1
 77
     6
 78
     2
 67
     7
 79
     5
170
     0
171
     0
290
     0
174
     0
 93
        1
 44
0.0
173
     0
291
     1
 45
0.0
1001
ACAD
1000
AcDbSavedByObjectVersion
1070
     0
  0
VISUALSTYLE
  5
34
102
{ACAD_REACTORS
330
2A
102
}
330
2A
100
AcDbVisualStyle
  2
Conceptual
 70
     9
 71
     3
 72
     2
 73
     0
 90
        0
 40
-0.6
 41
-30.0
 62
     5
 63
     7
421
 16777215
 74
     2
 91
        2
 64
     7
 65
   257
 75
     1
175
     1
 42
40.0
 92
        8
 66
     7
 43
1.0
 76
     1
 77
     6
 78
     2
 67
     7
 79
     3
170
     0
171
     0
290
     0
174
     0
 93
        1
 44
0.0
173
     0
291
     0
 45
0.0
1001
ACAD
1000
AcDbSavedByObjectVersion
1070
     0
  0
VISUALSTYLE
  5
35
102
{ACAD_REACTORS
330
2A
102
}
330
2A
100
AcDbVisualStyle
  2
Dim
 70
    11
 71
     2
 72
     2
 73
     0
 90
        0
 40
-0.6
 41
-30.0
 62
     5
 63
     7
421
 16777215
 74
     1
 91
        4
 64
     7
 65
   257
 75
     1
175
     1
 42
1.0
 92
        8
 66
     7
 43
1.0
 76
     1
 77
     6
 78
     2
 67
     7
 79
     5
170
     0
171
     0
290
     0
174
     0
 93
        1
 44
-50.0
173
     0
291
     1
 45
0.0
1001
ACAD
1000
AcDbSavedByObjectVersion
1070
     0
  0
VISUALSTYLE
  5
39
102
{ACAD_REACTORS
330
2A
102
}
330
2A
100
AcDbVisualStyle
  2
Facepattern
 70
    15
 71
     2
 72
     2
 73
     0
 90
        0
 40
-0.6
 41
-30.0
 62
     5
 63
     7
421
 16777215
 74
     1
 91
        4
 64
     7
 65
   257
 75
     1
175
     1
 42
1.0
 92
        8
 66
     7
 43
1.0
 76
     1
 77
     6
 78
     2
 67
     7
 79
     5
170
     0
171
     0
290
     0
174
     0
 93
        1
 44
0.0
173
     0
291
     1
 45
0.0
1001
ACAD
1000
AcDbSavedByObjectVersion
1070
     0
  0
VISUALSTYLE
  5
2B
102
{ACAD_REACTORS
330
2A
102
}
330
2A
100
AcDbVisualStyle
  2
Flat
 70
     0
 71
     2
 72
     1
 73
     1
 90
        2
 40
-0.6
 41
30.0
 62
     5
 63
     7
421
 16777215
 74
     0
 91
        4
 64
     7
 65
   257
 75
     1
175
     1
 42
1.0
 92
        8
 66
     7
 43
1.0
 76
     1
 77
     6
 78
     2
 67
     7
 79
     5
170
     0
171
     0
290
     0
174
     0
 93
       13
 44
0.0
173
     0
291
     1
 45
0.0
1001
ACAD
1000
AcDbSavedByObjectVersion
1070
     0
  0
VISUALSTYLE
  5
2C
102
{ACAD_REACTORS
330
2A
102
}
330
2A
100
AcDbVisualStyle
  2
FlatWithEdges
 70
     1
 71
     2
 72
     1
 73
     1
 90
        2
 40
-0.6
 41
30.0
 62
     5
 63
     7
421
 16777215
 74
     1
 91
        4
 64
     7
 65
   257
 75
     1
175
     1
 42
1.0
 92
        0
 66
   257
 43
1.0
 76
     1
 77
     6
 78
     2
 67
     7
 79
     5
170
     0
171
     0
290
     0
174
     0
 93
       13
 44
0.0
173
     0
291
     1
 45
0.0
1001
ACAD
1000
AcDbSavedByObjectVersion
1070
     0
  0
VISUALSTYLE
  5
2D
102
{ACAD_REACTORS
330
2A
102
}
330
2A
100
AcDbVisualStyle
  2
Gouraud
 70
     2
 71
     2
 72
     2
 73
     1
 90
        2
 40
-0.6
 41
30.0
 62
     5
 63
     7
421
 16777215
 74
     0
 91
        4
 64
     7
 65
   257
 75
     1
175
     1
 42
1.0
 92
        0
 66
     7
 43
1.0
 76
     1
 77
     6
 78
     2
 67
     7
 79
     5
170
     0
171
     0
290
     0
174
     0
 93
       13
 44
0.0
173
     0
291
     1
 45
0.0
1001
ACAD
1000
AcDbSavedByObjectVersion
1070
     0
  0
VISUALSTYLE
  5
2E
102
{ACAD_REACTORS
330
2A
102
}
330
2A
100
AcDbVisualStyle
  2
GouraudWithEdges
 70
     3
 71
     2
 72
     2
 73
     1
 90
        2
 40
-0.6
 41
30.0
 62
     5
 63
     7
421
 16777215
 74
     1
 91
        4
 64
     7
 65
   257
 75
     1
175
     1
 42
1.0
 92
        0
 66
   257
 43
1.0
 76
     1
 77
     6
 78
     2
 67
     7
 79
     5
170
     0
171
     0
290
     0
174
     0
 93
       13
 44
0.0
173
     0
291
     1
 45
0.0
1001
ACAD
1000
AcDbSavedByObjectVersion
1070
     0
  0
VISUALSTYLE
  5
38
102
{ACAD_REACTORS
330
2A
102
}
330
2A
100
AcDbVisualStyle
  2
Linepattern
 70
    14
 71
     2
 72
     2
 73
     0
 90
        0
 40
-0.6
 41
-30.0
 62
     5
 63
     7
421
 16777215
 74
     1
 91
        4
 64
     7
 65
   257
 75
     7
175
     7
 42
1.0
 92
        8
 66
     7
 43
1.0
 76
     1
 77
     6
 78
     2
 67
     7
 79
     5
170
     0
171
     0
290
     0
174
     0
 93
        1
 44
0.0
173
     0
291
     1
 45
0.0
1001
ACAD
1000
AcDbSavedByObjectVersion
1070
     0
  0
VISUALSTYLE
  5
33
102
{ACAD_REACTORS
330
2A
102
}
330
2A
100
AcDbVisualStyle
  2
Realistic
 70
     8
 71
     2
 72
     2
 73
     0
 90
        0
 40
-0.6
 41
-30.0
 62
     5
 63
     7
421
 16777215
 74
     1
 91
        0
 64
     7
 65
   257
 75
     1
175
     1
 42
1.0
 92
        8
 66
     8
424
  7895160
 43
1.0
 76
     1
 77
     6
 78
     2
 67
     7
 79
     5
170
     0
171
     0
290
     0
174
     0
 93
       13
 44
0.0
173
     0
291
     0
 45
0.0
1001
ACAD
1000
AcDbSavedByObjectVersion
1070
     0
  0
VISUALSTYLE
  5
37
102
{ACAD_REACTORS
330
2A
102
}
330
2A
100
AcDbVisualStyle
  2
Thicken
 70
    13
 71
     2
 72
     2
 73
     0
 90
        0
 40
-0.6
 41
-30.0
 62
     5
 63
     7
421
 16777215
 74
     1
 91
        4
 64
     7
 65
   257
 75
     1
175
     1
 42
1.0
 92
       12
 66
     7
 43
1.0
 76
     1
 77
     6
 78
     2
 67
     7
 79
     5
170
     0
171
     0
290
     0
174
     0
 93
        1
 44
0.0
173
     0
291
     1
 45
0.0
1001
ACAD
1000
AcDbSavedByObjectVersion
1070
     0
  0
ENDSEC
  0
EOF
